StartDate,EndDate,Status,IPAddress,Progress,Duration (in seconds),Finished,RecordedDate,ResponseId,RecipientLastName,RecipientFirstName,RecipientEmail,ExternalReference,LocationLatitude,LocationLongitude,DistributionChannel,UserLanguage,Mturk ID,Gender,Age,Education,Ethnicity,English?,1.A,1.A,1.A,1.A,1.B,1.B,1.B,1.B,1.C,1.C,1.C,1.C,1.D,1.D,1.D,1.D,1.E,1.E,1.E,1.E,2.A,2.A,2.A,2.A,2.B,2.B,2.B,2.B,2.C,2.C,2.C,2.C,2.D,2.D,2.D,2.D,2.E,2.E,2.E,2.E,3.A,3.A,3.A,3.A,3.B,3.B,3.B,3.B,3.C,3.C,3.C,3.C,3.D,3.D,3.D,3.D,3.E,3.E,3.E,3.E,4.A,4.A,4.A,4.A,4.B,4.B,4.B,4.B,4.C,4.C,4.C,4.C,4.D,4.D,4.D,4.D,4.E,4.E,4.E,4.E,5.A,5.A,5.A,5.A,5.B,5.B,5.B,5.B,5.C,5.C,5.C,5.C,5.D,5.D,5.D,5.D,5.E,5.E,5.E,5.E,problems,score,survey_code
Start Date,End Date,Response Type,IP Address,Progress,Duration (in seconds),Finished,Recorded Date,Response ID,Recipient Last Name,Recipient First Name,Recipient Email,External Data Reference,Location Latitude,Location Longitude,Distribution Channel,User Language,Please enter your MTurk worker ID:,Gender,Age,Highest Level of Education Completed,Race/ethnicity,Is English your first language?,Please pick which of the following is the type of the Alien above:,Please pick which of the following is the type of the Alien above:,Please pick which of the following is the type of the Alien above:,Please pick which of the following is the type of the Alien above:,Please pick which of the following is the type of the Alien above:,Please pick which of the following is the type of the Alien above:,Please pick which of the following is the type of the Alien above:,Please pick which of the following is the type of the Alien above:,Please pick which of the following is the type of the Alien above:,Please pick which of the following is the type of the Alien above:,Please pick which of the following is the type of the Alien above:,Please pick which of the following is the type of the Alien above:,Please pick which of the following is the type of the Alien above:,Please pick which of the following is the type of the Alien above:,Please pick which of the following is the type of the Alien above:,Please pick which of the following is the type of the Alien above:,Please pick which of the following is the type of the Alien above:,Please pick which of the following is the type of the Alien above:,Please pick which of the following is the type of the Alien above:,Please pick which of the following is the type of the Alien above:,Please pick which of the following is the type of the Alien above:,Please pick which of the following is the type of the Alien above:,Please pick which of the following is the type of the Alien above:,Please pick which of the following is the type of the Alien above:,Please pick which of the following is the type of the Alien above:,Please pick which of the following is the type of the Alien above:,Please pick which of the following is the type of the Alien above:,Please pick which of the following is the type of the Alien above:,Please pick which of the following is the type of the Alien above:,Please pick which of the following is the type of the Alien above:,Please pick which of the following is the type of the Alien above:,Please pick which of the following is the type of the Alien above:,Please pick which of the following is the type of the Alien above:,Please pick which of the following is the type of the Alien above:,Please pick which of the following is the type of the Alien above:,Please pick which of the following is the type of the Alien above:,Please pick which of the following is the type of the Alien above:,Please pick which of the following is the type of the Alien above:,Please pick which of the following is the type of the Alien above:,Please pick which of the following is the type of the Alien above:,Please pick which of the following is the type of the Alien above:,Please pick which of the following is the type of the Alien above:,Please pick which of the following is the type of the Alien above:,Please pick which of the following is the type of the Alien above:,Please pick which of the following is the type of the Alien above:,Please pick which of the following is the type of the Alien above:,Please pick which of the following is the type of the Alien above:,Please pick which of the following is the type of the Alien above:,Please pick which of the following is the type of the Alien above:,Please pick which of the following is the type of the Alien above:,Please pick which of the following is the type of the Alien above:,Please pick which of the following is the type of the Alien above:,Please pick which of the following is the type of the Alien above:,Please pick which of the following is the type of the Alien above:,Please pick which of the following is the type of the Alien above:,Please pick which of the following is the type of the Alien above:,Please pick which of the following is the type of the Alien above:,Please pick which of the following is the type of the Alien above:,Please pick which of the following is the type of the Alien above:,Please pick which of the following is the type of the Alien above:,Please pick which of the following is the type of the Alien above:,Please pick which of the following is the type of the Alien above:,Please pick which of the following is the type of the Alien above:,Please pick which of the following is the type of the Alien above:,Please pick which of the following is the type of the Alien above:,Please pick which of the following is the type of the Alien above:,Please pick which of the following is the type of the Alien above:,Please pick which of the following is the type of the Alien above:,Please pick which of the following is the type of the Alien above:,Please pick which of the following is the type of the Alien above:,Please pick which of the following is the type of the Alien above:,Please pick which of the following is the type of the Alien above:,Please pick which of the following is the type of the Alien above:,Please pick which of the following is the type of the Alien above:,Please pick which of the following is the type of the Alien above:,Please pick which of the following is the type of the Alien above:,Please pick which of the following is the type of the Alien above:,Please pick which of the following is the type of the Alien above:,Please pick which of the following is the type of the Alien above:,Please pick which of the following is the type of the Alien above:,Please pick which of the following is the type of the Alien above:,Please pick which of the following is the type of the Alien above:,Please pick which of the following is the type of the Alien above:,Please pick which of the following is the type of the Alien above:,Please pick which of the following is the type of the Alien above:,Please pick which of the following is the type of the Alien above:,Please pick which of the following is the type of the Alien above:,Please pick which of the following is the type of the Alien above:,Please pick which of the following is the type of the Alien above:,Please pick which of the following is the type of the Alien above:,Please pick which of the following is the type of the Alien above:,Please pick which of the following is the type of the Alien above:,Please pick which of the following is the type of the Alien above:,Please pick which of the following is the type of the Alien above:,Please pick which of the following is the type of the Alien above:,Please pick which of the following is the type of the Alien above:,Please pick which of the following is the type of the Alien above:,Please pick which of the following is the type of the Alien above:,Please pick which of the following is the type of the Alien above:,Please pick which of the following is the type of the Alien above:,Did you experience any confusion or technical problems with this questionnaire? (Your answer will not affect your HIT acceptance.),Score,mTurkCodeUV
2018-02-13 11:25:40,2018-02-13 11:27:02,IP Address,74.96.223.105,11,82,False,2018-02-13 16:21:05,R_Z1Pwz8EhouYR75T,,,,,,,anonymous,EN,hbk,Female,8,Bachelor's Degree,White,Yes,,,,,,,,,,,,B,,D,,,,,,,,,,,,,,,,,,,,,,,,,,,,,,,,,,,,,,,,,,,,,,,,,,,,,,,,,,,,,,,,,,,,,,,,,,,,,,,,,,,,,,,,1,
2018-02-13 16:17:23,2018-02-13 16:17:49,IP Address,129.174.86.235,0,25,False,2018-02-13 16:21:31,R_3iwq2TRQOyJvQYh,,,,,,,anonymous,EN,,,,,,,,,,,,,,,,,,,,,,,,,,,,,,,,,,,,,,,,,,,,,,,,,,,,,,,,,,,,,,,,,,,,,,,,,,,,,,,,,,,,,,,,,,,,,,,,,,,,,,,,,,,,0,
2018-02-12 21:51:02,2018-02-12 22:03:53,IP Address,100.36.122.103,96,771,False,2018-02-13 16:21:40,R_UVGKPSiL1r6u3v3,,,,,,,anonymous,EN,1234,Male,555,Some High School,American Indian or Alaska Native,No,B,A,C,A,C,B,C,A,A,B,B,A,D,D,D,D,E,E,E,E,A,A,A,A,B,B,A,C,C,C,C,A,D,D,D,D,E,E,E,E,A,A,A,C,C,B,B,B,C,A,C,C,D,D,D,D,E,E,E,E,A,A,A,A,B,B,B,B,C,C,C,C,D,D,D,D,E,E,E,E,A,A,A,A,B,B,B,B,C,C,C,C,D,D,D,D,E,E,E,E,,85,
2018-02-14 00:23:28,2018-02-14 00:34:53,IP Address,184.156.160.192,100,684,True,2018-02-14 00:34:55,R_20Nma1HOsHFTa8i,,,,,"30,418701171875","-92,219902038574",anonymous,EN,A13MW922XD6IHK,Male,25,Bachelor's Degree,Asian,Yes,A,A,A,A,E,D,B,C,D,C,C,C,C,C,D,D,B,E,C,E,A,A,A,A,B,E,B,B,C,C,B,C,D,D,D,D,E,E,E,E,A,A,A,A,B,B,B,B,C,C,C,C,D,D,D,D,E,E,E,E,A,A,A,A,B,B,E,B,C,C,C,C,D,D,D,D,E,E,E,E,A,A,A,A,B,B,B,B,C,C,C,C,D,D,C,D,E,E,E,E,no,88,785999
2018-02-14 00:23:46,2018-02-14 00:35:02,IP Address,122.164.205.12,100,676,True,2018-02-14 00:35:04,R_1Q4Lu9f5eiJYIVO,,,,,"9,9667053222656","76,233306884766",anonymous,EN,A2GTY8GLAYN9BU,Male,21,Bachelor's Degree,White,Yes,B,A,A,A,B,B,B,B,C,C,A,D,D,D,B,D,D,D,C,C,A,B,B,A,B,B,B,B,C,C,C,A,D,D,D,D,E,E,E,E,B,A,A,A,B,B,B,B,C,A,C,C,D,D,D,D,E,E,E,E,A,A,A,A,B,B,B,B,C,C,C,C,D,D,D,D,E,E,E,E,A,A,A,A,B,B,B,B,C,C,C,C,D,D,D,D,E,E,E,E,GOOD,87,785999
2018-02-14 00:25:44,2018-02-14 00:35:13,IP Address,172.58.20.133,100,568,True,2018-02-14 00:35:14,R_1mPZHIaZ5D4DupY,,,,,"33,788604736328","-117,93060302734",anonymous,EN,ARZV0T1MCI22L,Female,30,Some 2-year College,White,Yes,A,E,B,D,D,C,B,B,E,B,C,C,D,A,D,B,E,E,E,E,A,A,A,A,B,B,A,A,B,D,D,C,D,A,D,D,E,E,E,E,A,A,A,A,B,B,B,B,B,C,C,C,C,D,D,D,E,E,E,E,A,A,A,A,B,B,B,B,C,C,C,C,D,D,D,D,E,E,E,E,A,A,A,A,B,B,B,B,C,C,C,C,D,D,D,D,E,E,E,E,No,83,785999
2018-02-14 00:24:47,2018-02-14 00:38:31,IP Address,75.105.165.153,100,823,True,2018-02-14 00:38:32,R_265wzPD019oefLT,,,,,"32,778701782227","-96,821701049805",anonymous,EN,ANUG05IDFTWF,Female,43,Bachelor's Degree,Asian,No,A,A,A,A,E,B,B,B,C,C,C,C,B,D,E,E,E,E,E,E,A,A,A,A,B,B,B,B,C,C,C,C,D,D,D,D,E,E,E,E,A,A,A,A,B,B,B,B,C,C,C,C,D,D,D,D,E,E,E,E,A,A,A,A,B,B,B,B,C,C,C,C,D,D,D,D,E,E,E,E,A,A,A,A,B,B,B,B,C,C,C,C,D,D,D,D,E,E,E,E,NO,96,785999
2018-02-14 00:28:35,2018-02-14 00:39:56,IP Address,103.25.44.2,100,681,True,2018-02-14 00:39:58,R_WpmftpyqKMwAljj,,,,,"11,233306884766","78,166687011719",anonymous,EN,A31VO6LWUEE9F9,Female,25,Bachelor's Degree,Asian,Yes,A,A,A,A,B,A,A,B,D,D,D,C,D,D,C,D,B,A,A,B,A,A,A,A,A,B,E,B,C,C,C,C,D,D,D,D,E,E,B,A,A,A,A,A,B,B,B,B,C,C,C,C,D,D,D,D,E,E,E,E,A,A,A,A,B,B,B,B,C,C,C,C,D,D,D,D,E,E,E,E,A,A,A,A,B,B,B,B,C,C,C,C,D,D,D,D,E,E,E,E,VERY NICE,86,785999
2018-02-14 00:28:51,2018-02-14 00:40:08,IP Address,117.221.132.188,100,677,True,2018-02-14 00:40:10,R_1l3IhlH4lExVsF6,,,,,"11,649993896484","78,166687011719",anonymous,EN,A2PTXQ060AH5S5,Male,25,Associates Degree,Black or African American,Yes,A,C,A,B,A,B,E,B,B,D,A,B,C,D,A,D,C,D,A,D,A,A,A,A,B,B,E,C,C,C,B,C,D,D,D,D,E,E,E,D,A,A,A,A,B,B,B,B,C,C,C,C,D,D,D,D,E,E,E,E,A,A,A,A,B,B,B,B,C,C,C,C,D,D,D,D,E,E,E,E,A,A,A,A,B,B,B,B,C,C,C,A,D,D,D,D,E,E,E,E,no comments,81,785999
2018-02-14 00:25:10,2018-02-14 00:40:19,IP Address,117.242.89.191,100,909,True,2018-02-14 00:40:21,R_ph11LBRlhrbWEal,,,,,"12,983306884766","77,583312988281",anonymous,EN,A3FPX5HIFBDJYX,Male,26,Bachelor's Degree,Asian,Yes,A,A,A,B,B,A,B,A,C,C,D,D,D,B,D,D,E,E,E,E,A,B,A,A,B,B,B,B,B,C,C,C,D,D,D,D,E,E,E,E,A,A,A,A,B,B,B,B,C,C,C,C,D,D,D,D,E,E,E,E,A,A,A,A,B,B,B,B,C,C,C,C,D,D,D,D,E,E,E,E,A,A,A,A,B,B,B,B,C,C,C,C,D,D,D,D,E,E,E,E,no,92,785999
2018-02-14 00:24:21,2018-02-14 00:41:28,IP Address,122.164.205.52,100,1026,True,2018-02-14 00:41:30,R_2eWlPYTB3Ytx3FE,,,,,"9,9667053222656","76,233306884766",anonymous,EN,AP26BNVW9C4FQ,Male,21,Associates Degree,American Indian or Alaska Native,Yes,B,B,B,E,C,D,A,D,B,D,A,D,A,A,A,A,C,C,C,D,E,A,A,A,C,B,A,E,D,C,C,C,A,A,D,A,E,E,C,C,A,D,A,B,B,B,B,B,D,E,C,D,D,A,D,D,C,E,B,D,A,A,A,A,B,B,B,B,C,C,C,C,D,D,D,D,E,E,E,E,A,A,A,A,B,B,B,B,C,C,C,C,D,D,D,D,E,E,E,E,ITS GOOD MEMORY POWER,61,785999
2018-02-14 00:29:48,2018-02-14 00:42:44,IP Address,103.25.44.2,100,775,True,2018-02-14 00:42:46,R_O8Z1YxhXIuNnMzf,,,,,"11,233306884766","78,166687011719",anonymous,EN,A13VEEU1DPKKOU,Female,25,Some 4-year College,Asian,Yes,C,A,C,A,E,B,E,E,A,A,B,C,D,D,D,D,E,E,E,D,C,C,C,A,B,B,B,B,A,C,C,A,D,D,D,D,E,E,E,E,A,A,A,A,B,B,E,B,C,C,C,C,D,D,D,D,E,E,E,E,A,A,A,A,B,B,B,B,C,C,C,C,D,D,D,D,B,E,E,E,A,A,A,A,B,B,B,B,C,C,C,C,D,D,D,D,E,E,E,E,GOOD,84,785999
2018-02-14 00:34:36,2018-02-14 00:44:43,IP Address,122.164.125.232,100,607,True,2018-02-14 00:44:45,R_suON8NwwzN3cmYh,,,,,"13,083297729492","80,283294677734",anonymous,EN,AXQWKUJF7SQXP,Male,25,Bachelor's Degree,American Indian or Alaska Native,Yes,A,A,A,A,B,B,A,B,D,C,C,C,B,D,D,D,E,E,E,E,A,A,A,A,B,B,B,B,C,C,C,C,D,D,D,D,E,E,E,E,A,A,A,A,B,B,B,B,B,C,C,C,D,D,D,D,E,E,E,E,A,A,A,A,B,B,B,B,C,C,C,C,D,D,D,D,E,E,E,E,A,A,A,A,B,B,B,B,C,C,C,C,D,D,D,D,E,E,E,E,good,96,785999
2018-02-14 00:34:11,2018-02-14 00:49:13,IP Address,103.99.205.221,100,901,True,2018-02-14 00:49:15,R_3EnGX7dfnkqLthE,,,,,"9,9667053222656","76,233306884766",anonymous,EN,A1823B3S2PJMGQ,Male,34,Bachelor's Degree,Asian,Yes,A,A,A,A,B,B,B,B,C,C,C,C,D,D,D,D,E,E,E,E,A,A,A,A,B,B,B,B,C,C,C,C,D,D,D,D,E,E,E,E,A,A,A,A,B,B,B,B,C,C,C,C,D,D,D,D,E,E,E,E,A,A,A,A,B,B,B,B,C,C,C,C,D,D,D,D,E,E,E,E,A,A,A,A,B,B,B,B,C,C,C,C,D,D,D,D,E,E,E,E,good,100,785999
2018-02-14 00:37:54,2018-02-14 00:50:09,IP Address,122.164.205.32,100,735,True,2018-02-14 00:50:11,R_3eahRqmZC0vuhI9,,,,,"9,9667053222656","76,233306884766",anonymous,EN,A3PT15XRN1X8VE,Female,25,Bachelor's Degree,American Indian or Alaska Native,Yes,A,A,A,A,B,C,C,A,B,C,C,D,E,D,D,D,A,A,A,E,A,C,A,A,D,D,C,B,D,E,C,C,D,D,D,D,B,A,C,A,A,A,A,A,D,E,A,B,C,B,E,C,D,D,D,D,B,A,A,A,C,A,A,A,B,B,B,B,C,B,B,D,D,D,D,D,E,E,E,E,A,A,A,A,B,B,B,B,C,C,C,C,D,D,D,D,E,E,E,E,GOOD,68,785999
2018-02-14 00:34:41,2018-02-14 00:51:10,IP Address,202.62.82.178,100,988,True,2018-02-14 00:51:11,R_1hQ0DAG8s1K1iTD,,,,,"15,266693115234","76,399993896484",anonymous,EN,A2R6EIJYKZGUN8,Male,37,Bachelor's Degree,Asian,No,E,A,C,A,D,B,B,B,B,A,A,C,B,B,D,D,E,D,D,C,A,A,E,E,D,C,B,B,C,C,A,A,C,D,D,B,E,E,C,A,E,A,A,A,B,B,B,B,C,D,A,C,D,D,C,E,E,E,E,E,A,A,A,A,B,B,B,B,C,C,C,C,B,C,C,D,E,E,E,C,A,A,A,A,B,B,B,B,C,D,C,C,D,C,D,D,E,E,E,E,No,68,785999
2018-02-14 00:42:11,2018-02-14 00:51:46,IP Address,103.25.44.2,100,575,True,2018-02-14 00:51:48,R_2ctNDKzPRLR3eSB,,,,,"11,233306884766","78,166687011719",anonymous,EN,A3VWU0WEB2VD48,Female,25,Bachelor's Degree,Asian,Yes,C,C,E,C,C,B,C,C,D,C,B,B,B,D,C,A,C,D,D,D,C,D,D,D,C,D,B,B,C,D,C,B,E,B,B,B,D,C,C,A,D,C,C,C,C,D,C,B,D,C,C,D,C,C,D,C,C,D,D,D,E,D,D,D,D,E,D,D,C,D,C,D,D,D,C,D,D,D,D,D,D,D,D,D,C,C,C,D,D,C,D,D,D,C,D,D,C,C,D,D,NICE,20,785999
2018-02-14 00:27:10,2018-02-14 00:52:29,IP Address,103.25.44.2,100,1518,True,2018-02-14 00:52:31,R_WB7171QvGEGOoox,,,,,"11,233306884766","78,166687011719",anonymous,EN,A1YGG7LBCMRPO1,Female,26,Master's Degree,Asian,Yes,A,B,B,A,C,B,E,D,C,C,C,A,C,D,D,E,E,E,E,A,A,A,A,A,B,B,B,B,C,C,C,C,D,D,D,D,E,E,E,E,A,A,A,A,B,B,B,B,C,C,C,C,D,D,D,D,E,E,E,E,A,A,A,A,B,B,B,B,C,C,C,C,D,D,D,D,E,E,E,E,A,A,A,A,B,B,B,B,C,C,C,C,D,D,D,D,E,E,E,E,GOOD,91,785999
2018-02-14 00:34:09,2018-02-14 00:52:31,IP Address,103.25.44.2,100,1102,True,2018-02-14 00:52:33,R_umOnmBrKjxb3w2J,,,,,"11,233306884766","78,166687011719",anonymous,EN,A2H9COVN7HMNLL,Female,22,Bachelor's Degree,Asian,Yes,D,B,B,E,D,A,C,D,C,C,E,B,B,A,E,D,C,E,B,C,D,A,B,A,E,B,B,E,C,C,C,D,D,D,D,D,E,E,E,B,A,A,A,A,B,B,B,B,C,C,C,C,D,D,D,D,E,E,E,E,A,A,A,A,B,E,B,B,C,C,C,C,D,D,D,D,E,B,E,E,A,A,A,A,B,B,B,B,C,C,C,C,D,D,D,D,E,E,E,A,NICE,75,785999
2018-02-14 00:38:45,2018-02-14 00:53:18,IP Address,103.78.22.144,100,872,True,2018-02-14 00:53:19,R_3KPJIEL0MPCRx4V,,,,,"10,966705322266","79,38330078125",anonymous,EN,A3BUSRXW32A27S,Male,30,Bachelor's Degree,Asian,No,A,A,A,A,B,B,B,B,C,C,C,C,D,D,D,D,E,E,E,E,A,A,A,A,B,B,B,B,C,A,C,C,D,D,D,D,E,E,E,E,A,A,A,A,B,B,B,B,C,C,C,C,D,D,D,D,E,E,E,E,A,A,A,A,B,B,B,B,C,C,C,C,D,D,D,D,E,E,E,E,A,A,A,A,B,B,B,B,C,C,C,C,D,D,D,D,E,E,E,E,"no, it was good",99,785999
2018-02-14 00:44:43,2018-02-14 00:55:32,IP Address,171.49.187.3,100,649,True,2018-02-14 00:55:35,R_2b3mMIDqql5C1vc,,,,,"13,083297729492","80,283294677734",anonymous,EN,A23EN2JGBLUQ0H,Female,23,Master's Degree,Asian,Yes,A,A,A,A,B,D,B,B,D,D,A,B,C,D,C,D,E,E,E,E,A,A,A,A,B,B,B,B,D,D,C,D,D,D,D,C,E,E,E,E,A,A,A,A,B,B,B,B,C,C,C,C,D,D,D,D,E,E,E,E,A,A,A,A,B,B,B,B,C,C,C,C,D,D,D,D,E,E,E,E,A,A,A,A,B,B,B,B,C,C,C,C,D,D,D,D,E,E,E,E,no,89,785999
2018-02-14 00:41:43,2018-02-14 00:56:57,IP Address,116.68.72.237,100,914,True,2018-02-14 00:56:59,R_1ilN7b8CHLlmBZP,,,,,"8,5068969726562","76,956909179688",anonymous,EN,AHEJHFN0VV6E3,Female,44,Master's Degree,Asian,Yes,A,A,A,A,B,B,E,B,C,B,C,C,D,C,D,C,E,E,E,E,A,A,A,A,B,B,B,E,C,B,C,C,D,D,D,D,E,E,E,E,A,A,A,A,B,B,B,E,C,C,C,C,D,D,D,D,E,B,E,E,C,A,A,A,B,B,C,B,C,C,C,C,D,D,D,D,E,E,E,E,A,A,A,A,B,B,B,B,C,C,C,C,D,D,D,D,E,E,E,E,"No technical problems and confusion, Thank You",90,785999
2018-02-14 00:41:44,2018-02-14 01:02:23,IP Address,75.143.189.148,100,1238,True,2018-02-14 01:02:25,R_2foJI0sAlDxNpjf,,,,,"35,60090637207","-82,554000854492",anonymous,EN,A1HAOXJVRYT43K,Male,24,High School Degree,White,Yes,B,C,A,A,D,B,D,D,C,D,C,C,B,C,B,B,E,B,E,A,A,C,D,A,B,D,C,B,D,C,D,D,A,B,D,B,A,E,E,E,A,A,A,A,D,B,B,B,C,C,C,C,D,D,D,D,E,E,E,E,A,A,A,A,B,B,B,B,C,C,C,C,D,D,D,D,E,E,E,E,A,A,A,A,B,B,B,B,C,C,C,C,D,D,D,D,E,E,E,E,No,76,785999
2018-02-14 00:50:58,2018-02-14 01:03:51,IP Address,122.164.125.232,100,773,True,2018-02-14 01:03:53,R_1hM6dz03160uCtd,,,,,"13,083297729492","80,283294677734",anonymous,EN,AF09UGIC6B81Y,Female,26,Some 4-year College,White,Yes,A,A,A,A,B,B,B,B,C,C,C,C,D,D,D,D,E,E,E,E,A,A,A,A,B,B,C,B,C,C,A,C,D,D,E,D,E,E,E,E,A,A,A,A,B,B,B,B,C,C,C,C,D,D,D,D,E,E,E,E,A,A,A,A,B,B,B,B,C,C,C,C,D,D,D,D,E,E,E,E,A,A,A,A,D,B,B,B,C,C,C,C,D,D,D,D,E,E,E,E,more time asking same question.,96,785999
2018-02-14 00:51:37,2018-02-14 01:04:11,IP Address,103.25.44.2,100,754,True,2018-02-14 01:04:13,R_3iPejyQ6FIXOOPb,,,,,"11,233306884766","78,166687011719",anonymous,EN,A3J08ETUZNPUF3,Female,27,Bachelor's Degree,Asian,Yes,A,A,A,A,B,B,B,B,C,C,C,C,D,B,B,C,E,E,E,E,A,A,A,A,B,B,B,B,C,C,C,C,D,D,D,D,E,E,E,E,A,A,A,A,B,B,B,B,C,C,C,C,D,D,D,D,E,E,E,E,A,A,A,A,B,B,B,B,C,C,C,C,D,D,D,D,E,E,E,E,A,A,A,A,B,B,B,B,C,C,C,C,D,D,D,D,E,E,E,E,NO COMMENTS ,97,785999
2018-02-14 00:44:16,2018-02-14 01:04:54,IP Address,157.50.222.100,100,1237,True,2018-02-14 01:04:55,R_2aKzMbpnaoVkA3C,,,,,"13,01579284668","80,176086425781",anonymous,EN,A2ZX69756WSLQ4,Male,37,Bachelor's Degree,Asian,No,C,C,C,D,A,B,A,A,D,C,D,C,D,A,D,D,E,E,E,E,D,A,D,A,B,A,B,B,C,C,C,D,D,A,D,D,E,E,E,E,A,A,A,A,B,B,B,B,A,C,C,D,D,C,D,D,E,E,E,E,A,A,A,A,B,B,B,B,A,A,C,C,C,D,D,D,E,E,E,E,A,A,A,A,B,B,B,B,C,A,C,C,D,D,D,D,E,E,E,E,I had slight confusion to the facial expressions associated with the letters,78,785999
2018-02-14 00:50:00,2018-02-14 01:06:05,IP Address,103.25.44.2,100,964,True,2018-02-14 01:06:07,R_1QoAhe3ewC47VIF,,,,,"11,233306884766","78,166687011719",anonymous,EN,A1W3PXK6XS6YXL,Female,25,Bachelor's Degree,Asian,Yes,A,B,A,B,B,B,B,B,C,C,C,C,D,D,D,D,E,E,E,E,A,A,A,A,B,B,B,B,C,C,C,C,D,D,D,D,E,E,E,E,A,A,A,A,B,B,B,B,C,C,C,C,D,D,D,D,E,E,E,E,A,A,A,A,B,B,B,B,C,C,C,C,D,D,D,D,E,E,E,E,A,A,A,A,B,B,B,B,C,C,C,C,D,D,D,D,E,E,E,E,GOOD,98,785999
2018-02-14 00:51:37,2018-02-14 01:09:36,IP Address,106.212.255.248,100,1078,True,2018-02-14 01:09:38,R_2YrMSKSIVyurs69,,,,,"17,493804931641","78,331695556641",anonymous,EN,A1VAGO1PMX7DS3,Male,34,Master's Degree,Asian,Yes,A,A,A,A,B,B,B,B,C,C,C,C,D,D,D,D,E,E,E,E,A,A,A,A,B,B,B,B,C,C,C,C,D,D,D,D,E,E,E,E,A,A,A,A,B,B,B,B,C,C,C,C,D,D,D,D,E,E,E,E,A,A,A,A,B,B,B,B,C,C,C,C,D,D,D,D,E,E,E,E,A,A,A,A,B,B,B,B,C,C,C,C,D,D,D,D,E,E,E,E,no confusion,100,785999
2018-02-14 01:02:19,2018-02-14 01:11:20,IP Address,192.112.102.252,100,540,True,2018-02-14 01:11:21,R_1jkoGwres49gXDE,,,,,"40,562194824219","-77,854499816895",anonymous,EN,A3TQK4AA0E6YHQ,Female,21,Some 4-year College,White,Yes,A,A,A,A,A,D,B,B,C,C,C,C,D,D,D,D,E,E,E,E,A,A,A,A,B,B,B,B,C,C,C,C,D,D,D,D,E,E,E,E,A,A,A,A,B,B,B,B,C,C,C,C,D,D,D,D,E,E,E,E,A,A,A,A,B,B,B,B,C,C,C,C,D,D,D,D,E,E,E,E,A,A,A,A,B,B,B,B,C,C,C,C,D,D,D,D,E,E,E,E,no,98,785999
2018-02-14 00:56:48,2018-02-14 01:13:01,IP Address,174.131.69.2,100,972,True,2018-02-14 01:13:02,R_2wd9hp5b9fb7nIB,,,,,"29,814193725586","-82,490898132324",anonymous,EN,A2G0GS8LJN1YMY,Male,61,Master's Degree,White,Yes,A,E,E,C,B,B,B,B,A,A,E,A,D,D,E,D,B,B,B,B,A,A,A,A,D,B,B,C,C,A,E,A,D,D,D,E,B,B,B,C,C,A,A,A,B,B,B,B,C,C,A,A,D,D,D,D,E,E,E,C,A,C,A,C,B,B,C,B,A,A,C,C,D,D,D,D,E,E,E,E,A,A,A,A,B,B,B,B,C,C,C,C,D,D,D,D,E,E,E,E,mo,69,785999
2018-02-14 01:01:39,2018-02-14 01:14:19,IP Address,103.21.78.154,100,759,True,2018-02-14 01:14:20,R_RwW5dP5NwPMRbMt,,,,,"10,350006103516","77,950012207031",anonymous,EN,A3IM1NBW1G1TCU,Male,25,Bachelor's Degree,White,Yes,A,A,C,E,B,D,B,B,E,E,C,A,D,A,D,D,E,E,E,C,A,A,A,A,B,B,B,B,E,C,B,C,D,D,D,D,E,E,C,A,A,A,A,A,B,B,B,B,C,C,C,B,D,D,D,D,E,E,E,E,A,A,A,A,B,B,B,B,C,C,C,C,D,D,D,D,E,E,E,E,A,A,A,A,B,B,B,B,C,C,C,C,D,D,D,D,E,E,E,E,GOOD,87,785999
2018-02-14 00:51:19,2018-02-14 01:16:38,IP Address,103.25.44.2,100,1518,True,2018-02-14 01:16:39,R_1E70YkbsbyITGUR,,,,,"11,233306884766","78,166687011719",anonymous,EN,A1GKUAKO01ONT7,Female,24,Bachelor's Degree,Asian,Yes,A,A,A,A,B,B,D,E,C,C,D,C,D,D,D,A,E,E,C,B,A,B,A,A,B,B,B,B,C,C,C,C,D,D,D,D,E,E,E,E,A,A,D,A,D,B,B,B,C,C,C,C,D,D,D,D,E,E,E,E,D,C,A,B,B,B,A,B,C,C,C,C,A,D,D,D,E,E,E,E,D,B,A,D,B,B,B,B,C,C,C,C,D,D,D,D,E,E,E,E,NICE,83,785999
2018-02-14 01:01:25,2018-02-14 01:19:00,IP Address,157.50.21.10,100,1055,True,2018-02-14 01:19:01,R_PHbCm6et2jbsRgZ,,,,,"13,083297729492","80,283294677734",anonymous,EN,A28HQQPBN2MUNR,Female,29,Master's Degree,Asian,Yes,A,A,A,A,B,B,B,B,C,C,C,C,D,D,D,D,E,E,E,E,A,A,A,A,B,B,B,B,C,C,C,C,D,D,D,D,E,E,E,E,A,A,A,A,B,B,B,B,C,C,C,C,D,D,D,D,E,E,E,E,A,A,A,A,B,B,B,B,C,C,C,C,D,D,D,D,E,E,E,E,A,A,A,A,B,B,B,B,C,C,C,C,D,D,D,D,E,E,E,E,no,100,785999
2018-02-14 01:04:36,2018-02-14 01:19:27,IP Address,99.8.28.198,100,891,True,2018-02-14 01:19:28,R_QfV8s01udaJVN6x,,,,,"33,877807617188","-117,53440093994",anonymous,EN,APZPQ332QVEUY,Male,41,Bachelor's Degree,White,Yes,A,A,A,B,B,A,B,B,C,C,C,B,D,D,D,D,E,B,E,C,A,A,A,A,B,B,B,B,C,C,C,C,D,D,D,D,E,E,E,E,A,A,A,A,B,B,B,B,C,C,C,C,D,D,D,D,E,E,E,E,A,A,A,A,B,B,B,B,C,C,C,C,D,D,D,D,E,E,E,E,A,A,A,A,B,B,B,B,C,C,C,C,D,D,D,D,E,E,E,E,no,95,785999
2018-02-14 01:02:45,2018-02-14 01:21:19,IP Address,121.54.44.148,100,1113,True,2018-02-14 01:21:20,R_1LdKYRX09bei9bV,,,,,"14,550094604492","121,03601074219",anonymous,EN,A3PZFH5OCGESG3,Male,34,Master's Degree,Asian,No,A,A,A,A,B,B,B,B,C,C,C,C,D,D,D,D,E,E,E,E,A,A,A,A,B,B,B,B,C,C,C,C,D,D,D,D,E,E,B,E,A,A,A,A,B,B,B,B,C,C,C,C,D,D,D,D,E,E,E,E,A,A,A,A,B,B,B,B,C,C,C,C,D,D,D,D,E,E,E,E,A,A,A,A,B,B,B,B,C,C,C,C,D,D,D,D,E,E,E,E,No,99,785999
2018-02-14 01:16:01,2018-02-14 01:32:40,IP Address,117.246.147.48,100,999,True,2018-02-14 01:32:42,R_2tA9zrZMd5aRGMS,,,,,"13,649993896484","79,416687011719",anonymous,EN,A2KZVP4SEEUJYL,Female,26,Some 4-year College,Asian,Yes,A,A,A,A,B,B,B,B,C,C,C,C,D,D,D,D,E,E,E,E,A,A,A,A,B,B,B,B,C,C,C,C,D,D,D,D,E,E,E,E,A,A,A,A,B,B,B,B,C,C,C,C,D,D,D,D,E,E,E,E,A,A,A,A,B,B,B,B,C,C,C,C,D,D,D,D,E,E,E,E,A,A,A,A,B,B,B,B,C,C,C,C,D,D,D,D,E,E,E,E,no,100,785999
2018-02-14 01:32:50,2018-02-14 01:46:20,IP Address,47.8.130.185,100,810,True,2018-02-14 01:46:22,R_1mCw8f6AwcFL6y0,,,,,"26,850006103516","80,916687011719",anonymous,EN,A3OD4SK1S52QVT,Male,24,Some 4-year College,White,Yes,A,B,B,A,B,B,B,B,D,B,B,A,D,B,D,D,E,E,E,E,C,A,B,B,B,B,B,B,A,A,A,A,B,D,D,D,E,E,E,E,A,A,A,A,D,B,B,B,C,C,C,C,D,D,D,D,E,E,E,E,A,A,A,A,B,D,D,D,C,C,C,C,D,D,D,D,E,E,E,E,A,A,A,B,B,B,B,B,C,C,C,C,D,D,D,D,E,E,E,E,,80,785999
2018-02-14 01:24:23,2018-02-14 01:46:47,IP Address,59.93.85.171,100,1344,True,2018-02-14 01:46:49,R_3qL2HYFaiXprpVZ,,,,,"15,350006103516","75,166702270508",anonymous,EN,A2CWBA5KCB6BUB,Female,46,Bachelor's Degree,Asian,No,C,A,C,C,B,B,B,B,D,E,E,E,C,E,C,A,C,A,A,C,A,A,A,A,B,B,B,B,C,C,A,C,D,D,A,D,D,A,E,C,A,A,A,A,B,B,B,B,C,C,C,C,D,D,D,D,E,E,E,E,A,A,A,A,B,B,B,B,C,C,C,C,D,D,D,D,E,E,E,E,A,A,A,A,B,B,B,B,C,C,C,C,D,D,D,D,E,E,E,E,no i have not encountered any problem,80,785999
2018-02-14 01:37:06,2018-02-14 01:52:07,IP Address,157.50.40.232,100,901,True,2018-02-14 01:52:09,R_2tfjhmjbfYpnyvh,,,,,"13,083297729492","80,283294677734",anonymous,EN,AVEG2XH7MRL1H,Female,25,Bachelor's Degree,Asian,No,A,A,A,A,C,B,B,E,C,C,C,C,D,D,D,D,E,E,E,E,A,A,A,A,B,B,B,E,B,B,D,D,D,D,C,D,E,E,E,E,A,C,A,A,B,E,B,B,D,C,C,D,D,D,D,C,E,E,E,E,A,A,A,A,B,B,B,B,C,C,C,C,D,D,D,D,E,E,E,E,A,A,A,A,B,B,B,B,C,C,C,C,D,D,D,D,E,E,E,E,no,87,785999
2018-02-14 04:01:55,2018-02-14 04:22:44,IP Address,61.2.33.106,100,1248,False,2018-02-14 10:39:23,R_1P6txMULbpdtBGA,,,,,,,anonymous,EN,A3HVIHP066ACJQ,Female,24,Bachelor's Degree,Asian,Yes,A,A,A,A,B,B,B,B,C,C,C,C,D,D,D,D,E,E,E,E,A,A,A,A,B,B,B,B,C,C,C,C,D,D,D,D,E,E,E,E,A,A,A,A,E,B,E,B,C,C,C,C,D,D,D,D,E,E,E,E,A,A,A,A,B,B,B,B,C,C,C,C,D,D,D,D,E,E,E,E,A,A,A,A,B,B,B,B,C,C,C,C,D,D,D,D,E,E,E,E,NICE,98,785999
2018-02-14 02:30:24,2018-02-14 02:42:40,IP Address,103.25.44.2,100,735,False,2018-02-14 10:39:30,R_12rtscnDIbCSY8I,,,,,,,anonymous,EN,A1YRC4ZIXETR6C,Female,23,High School Degree,Asian,Yes,A,A,A,A,B,A,B,B,C,C,E,B,A,D,D,B,C,E,E,E,A,A,A,A,B,B,B,B,C,C,C,C,D,D,D,A,E,E,E,E,A,A,A,A,B,B,B,B,C,C,C,C,D,D,D,D,E,E,E,E,A,A,A,A,B,B,B,B,C,C,C,C,E,D,D,D,E,E,E,E,A,A,A,A,B,B,B,B,C,C,C,C,D,D,D,D,E,E,E,E,no ,92,785999
2018-02-14 01:27:48,2018-02-14 01:38:12,IP Address,157.50.40.232,30,624,False,2018-02-14 10:39:34,R_3esJpELMpeJJHZe,,,,,,,anonymous,EN,AVEG2XH7MRL1H,Female,25,Bachelor's Degree,Asian,No,B,A,B,C,B,D,E,D,D,D,B,D,E,A,D,E,C,A,B,D,,,,,,,,E,,,,,,C,,A,,,,,,,,,,,,,,,,,,,,,,,,,,,,,,,,,,,,,,,,,,,,,,,,,,,,,,,,,,,,,,,,,,3,
2018-02-14 01:12:40,2018-02-14 01:33:12,IP Address,122.174.96.237,100,1231,False,2018-02-14 10:39:36,R_2e9b7A6Asvfv8na,,,,,,,anonymous,EN,A321YWMP74ULKH,Female,28,Some 4-year College,American Indian or Alaska Native,Yes,A,A,D,A,A,B,A,B,E,C,E,B,D,C,D,D,A,E,E,E,A,A,B,A,B,C,E,E,D,B,E,C,D,D,D,D,E,E,E,E,A,A,A,C,B,B,C,B,B,B,C,C,D,D,D,D,E,E,E,E,A,A,A,A,B,B,B,B,C,C,C,C,D,D,D,D,E,E,E,E,A,A,A,A,B,B,B,B,C,C,C,C,D,D,D,D,E,E,E,E,No.,81,785999
2018-02-14 01:04:15,2018-02-14 01:14:42,IP Address,172.116.28.59,6,627,False,2018-02-14 10:39:45,R_6LlgkcafYHGIpj3,,,,,,,anonymous,EN,l,Female,23,High School Degree,Black or African American,Yes,,,,,,,,,,,,,,,,,,,,,,,,,,,,,,,,,,,,,,,,,,,,,,,,,,,,,,,,,,,,,,,,,,,,,,,,,,,,,,,,,,,,,,,,,,,,,,,,,,,,,,0,
2018-02-14 00:58:47,2018-02-14 01:02:45,IP Address,121.54.44.148,25,237,False,2018-02-14 10:39:50,R_1dzT4h5LLgPdnyH,,,,,,,anonymous,EN,A3PZFH5OCGESG3,Male,34,Master's Degree,Asian,No,A,C,E,,,A,B,C,C,D,B,,C,B,A,C,E,B,D,D,,,,,,,,,,,,,,,,,,,,,,,,,,,,,,,,,,,,,,,,,,,,,,,,,,,,,,,,,,,,,,,,,,,,,,,,,,,,,,,,,,4,
2018-02-14 00:57:45,2018-02-14 01:00:17,IP Address,94.177.137.39,15,151,False,2018-02-14 10:39:51,R_12aIKLLLc9S8c1f,,,,,,,anonymous,EN,A212TWWLH7RC48,Male,28,Master's Degree,White,Yes,C,,C,,,,,,,,D,D,,,,C,,E,,,,,,,,,,,,,,,,,,,,,,,,,,,,,,,,,,,,,,,,,,,,,,,,,,,,,,,,,,,,,,,,,,,,,,,,,,,,,,,,,,,,1,
2018-02-14 00:53:37,2018-02-14 01:05:18,IP Address,157.50.22.109,100,700,False,2018-02-14 10:39:53,R_10wHOznAGnreNv8,,,,,,,anonymous,EN,A31BHRW6QKVBQ9,Male,25,Bachelor's Degree,Asian,Yes,A,A,A,A,A,B,B,B,D,A,B,B,D,D,D,D,E,E,A,E,A,A,A,A,D,D,C,B,B,B,B,D,B,B,B,A,E,E,E,E,A,A,A,A,B,D,D,C,B,D,B,B,B,B,B,B,E,E,E,E,A,A,A,A,B,B,B,D,B,A,C,C,B,D,D,B,E,E,E,E,A,A,A,A,B,B,D,B,B,B,D,B,B,D,B,B,E,E,E,E,NO,59,785999
2018-02-14 00:51:25,2018-02-14 01:04:45,IP Address,104.175.56.166,46,800,False,2018-02-14 10:39:58,R_1dcNkiSmE0fDqyc,,,,,,,anonymous,EN,A34I7PV0UHRMKS,Female,24,Associates Degree,White,Yes,B,A,A,A,B,D,B,B,C,C,B,B,D,D,C,D,B,E,E,E,A,A,A,A,B,B,B,B,D,B,C,B,D,D,D,D,E,E,E,E,,,,,,,,,,,,,,,,,,,,,,,,,,,,,,,,,,,,,,,,,,,,,,,,,,,,,,,,,,,,,,31,
2018-02-14 00:55:42,2018-02-14 00:58:07,IP Address,173.24.226.56,17,144,False,2018-02-14 10:39:59,R_12amlx4Tu37xbMV,,,,,,,anonymous,EN,A2IUUSQGQDEYID,Female,31,High School Degree,White,Yes,,,B,A,C,D,,,D,,D,B,,,,B,,,,,,,,,,,,,,,,,,,,,,,,,,,,,,,,,,,,,,,,,,,,,,,,,,,,,,,,,,,,,,,,,,,,,,,,,,,,,,,,,,,,,,1,
2018-02-14 00:52:11,2018-02-14 00:56:15,IP Address,122.164.90.28,28,244,False,2018-02-14 10:40:02,R_32Wv2OozJpvfSWX,,,,,,,anonymous,EN,A1Z1ZEAV9M7Z1C,Male,24,Bachelor's Degree,Asian,Yes,A,B,C,A,E,D,C,D,E,A,A,A,B,D,C,E,B,C,B,C,,,,,,,,,,,,,,,,,,,,,,,,,,,,,,,,,,,,,,,,,,,,,,,,,,,,,,,,,,,,,,,,,,,,,,,,,,,,,,,,,,3,
2018-02-14 02:56:31,2018-02-14 03:01:56,IP Address,49.32.76.241,21,325,False,2018-02-14 10:40:04,R_2dsYw6sG0Bp8avU,,,,,,,anonymous,EN,A1HZXKVQSWNKRA,Male,22,Some 4-year College,American Indian or Alaska Native,Yes,A,,A,D,,B,,C,,,C,E,,D,D,D,A,E,,E,,,,,,,,,,,,,,,,,,,,,,,,,,,,,,,,,,,,,,,,,,,,,,,,,,,,,,,,,,,,,,,,,,,,,,,,,,,,,,,,,,9,
2018-02-14 00:44:15,2018-02-14 00:50:05,IP Address,103.25.44.2,33,350,False,2018-02-14 10:40:16,R_3fwpDVdCaK71CdM,,,,,,,anonymous,EN,A1W3PXK6XS6YXL,Female,25,Bachelor's Degree,Asian,Yes,A,A,D,B,B,B,B,B,C,C,C,C,D,D,D,D,E,E,E,E,,A,,A,,B,,,,,,C,,D,D,,,,E,,,,,,,,,,,,,,,,,,,,,,,,,,,,,,,,,,,,,,,,,,,,,,,,,,,,,,,,,,,,,,,25,
2018-02-14 00:45:49,2018-02-14 00:58:31,IP Address,103.25.44.2,100,761,False,2018-02-14 10:40:18,R_2QA3LqqC08RqNGp,,,,,,,anonymous,EN,A2Z4QERWJEK690,Female,24,High School Degree,White,Yes,B,B,B,C,B,E,A,B,B,,C,E,C,B,B,C,C,C,D,B,D,E,D,D,E,D,E,D,D,D,C,E,D,D,C,E,E,D,D,E,D,D,D,D,D,D,E,E,D,D,D,E,D,D,D,D,D,D,E,D,D,D,D,D,D,D,D,E,D,E,E,D,C,D,E,D,E,E,D,E,E,D,E,D,E,D,E,D,D,D,E,D,E,D,E,E,E,E,D,E,yes,22,785999
2018-02-14 00:44:03,2018-02-14 01:13:51,IP Address,103.25.44.2,100,1788,False,2018-02-14 10:40:18,R_2fs8Gv9iL805MXW,,,,,,,anonymous,EN,AJJXHZYX2W4NF,Female,26,Bachelor's Degree,Asian,Yes,E,B,D,D,E,B,B,D,C,C,A,C,C,A,A,D,C,A,C,E,B,A,D,C,B,B,B,B,C,C,D,D,A,D,D,A,A,C,C,C,A,A,A,E,B,B,B,B,C,A,C,A,D,D,D,C,E,E,E,E,A,A,A,A,B,B,B,B,D,C,C,C,C,D,D,D,E,E,E,E,A,A,A,A,B,B,B,B,C,C,C,C,D,D,D,D,E,E,E,E,no,70,785999
2018-02-14 00:45:33,2018-02-14 00:57:44,IP Address,103.25.44.2,9,730,False,2018-02-14 10:40:23,R_1LqvmRXe1JOHQxh,,,,,,,anonymous,EN,A26KS0EB5XV4N9,Female,23,Master's Degree,Asian,Yes,,,,,,,,,,,,,,,,,,,,,,,,,,,,,,,,,,,,,,,,,,,,,,,,,,,,,,,,,,,,,,,,,,,,,,,,,,,,,,,,,,,,,,,,,,,,,,,,,,,,,,0,
2018-02-14 00:46:07,2018-02-14 00:58:55,IP Address,103.58.116.138,81,767,False,2018-02-14 10:40:25,R_27m0PfnDLjAhYmp,,,,,,,anonymous,EN,A38BXBQYWC6B6C,Female,29,Bachelor's Degree,Asian,Yes,A,A,A,A,B,B,B,E,C,C,C,C,D,D,D,D,E,E,E,E,A,A,A,A,B,B,B,B,C,C,C,C,D,D,D,D,E,E,E,E,A,A,A,A,B,B,B,B,C,B,C,C,D,D,D,D,E,E,E,E,A,A,A,A,B,B,B,B,C,C,C,C,D,D,D,D,E,E,E,E,,,,,,,,,,,,,,,,,,,,,,78,
2018-02-14 00:44:02,2018-02-14 00:59:55,IP Address,103.25.44.2,100,953,False,2018-02-14 10:40:29,R_2uTWSc1lciPgLCc,,,,,,,anonymous,EN,A26KS0EB5XV4N9,Female,23,Master's Degree,Asian,Yes,A,A,A,A,B,B,A,B,C,D,C,C,D,D,D,D,E,E,D,D,A,A,A,A,B,B,B,B,C,C,C,C,D,D,D,D,E,E,E,E,A,A,A,A,B,B,B,B,C,C,C,C,D,D,D,D,E,E,E,E,A,A,A,A,B,B,B,B,C,C,C,C,D,D,D,D,E,E,E,E,A,A,A,A,B,B,B,B,C,C,C,C,D,D,D,D,E,E,E,E,NO,96,785999
2018-02-14 00:38:13,2018-02-14 00:40:49,IP Address,116.68.72.237,9,155,False,2018-02-14 10:40:29,R_324NknvuEjDEe1a,,,,,,,anonymous,EN,AHEJHFN0VV6E3,Female,44,Master's Degree,Asian,Yes,,,,,,,,,,,,,,,,,,,,,,,,,,,,,,,,,,,,,,,,,,,,,,,,,,,,,,,,,,,,,,,,,,,,,,,,,,,,,,,,,,,,,,,,,,,,,,,,,,,,,,0,
2018-02-14 00:38:20,2018-02-14 00:49:41,IP Address,103.25.44.2,45,681,False,2018-02-14 10:40:29,R_2xFvHH7IfFxkEhm,,,,,,,anonymous,EN,A3PW0VUR7F1OUA,Female,24,Bachelor's Degree,Asian,Yes,A,A,A,A,B,B,D,B,C,C,C,C,D,D,D,D,E,E,E,E,A,A,A,A,B,B,B,B,C,C,C,C,D,D,D,D,E,E,E,E,,,,,,,,,,,,,,,,,,,,,,,,,,,,,,,,,,,,,,,,,,,,,,,,,,,,,,,,,,,,,,39,
2018-02-14 00:43:56,2018-02-14 00:58:42,IP Address,103.25.44.2,100,885,False,2018-02-14 10:40:29,R_3jViRp9uiGDUUDT,,,,,,,anonymous,EN,AJEIX4HPLQM0H,Female,27,Bachelor's Degree,Asian,Yes,B,A,A,A,B,B,A,C,C,C,C,C,C,D,D,D,E,E,E,E,A,A,A,A,B,B,B,B,C,C,C,C,D,D,D,D,E,E,E,E,A,A,A,E,B,B,C,B,C,C,C,C,D,D,D,D,E,E,E,E,A,A,A,A,B,B,B,B,C,C,C,C,D,D,D,D,E,E,E,E,A,A,A,A,B,B,B,B,C,C,C,C,D,D,D,D,E,E,E,B,VERY NICE,93,785999
2018-02-14 00:46:29,2018-02-14 01:02:19,IP Address,117.98.151.224,100,950,False,2018-02-14 10:40:32,R_3fJCHeRI1c3iURW,,,,,,,anonymous,EN,AMGGLXGMFWEN2,Male,28,Master's Degree,Asian,Yes,A,C,A,A,B,B,B,B,C,C,C,C,D,D,D,D,E,E,E,E,A,A,A,A,C,B,B,B,C,C,A,A,D,C,D,D,E,E,E,E,A,A,A,A,B,B,B,B,C,C,C,C,D,D,D,D,E,E,E,E,A,A,A,A,B,B,B,B,C,C,C,C,D,D,D,D,E,E,E,E,A,A,A,A,B,B,B,B,C,C,C,C,D,D,D,D,E,E,E,E,Nice,95,785999
2018-02-14 00:36:19,2018-02-14 00:48:21,IP Address,103.25.44.2,100,722,False,2018-02-14 10:40:33,R_2EAjCZTyau8NLEz,,,,,,,anonymous,EN,A11ZS25OQS2ED0,Female,26,Associates Degree,Asian,No,C,D,A,A,D,E,B,D,B,E,A,B,B,E,C,B,B,D,A,B,A,D,A,A,B,B,B,B,C,B,C,A,E,D,D,D,E,D,E,C,B,A,A,A,B,B,B,B,C,E,C,C,E,E,E,D,D,B,D,E,A,A,A,A,A,B,B,B,C,C,C,C,E,E,E,D,D,E,E,E,A,C,A,A,B,B,B,B,C,C,C,C,E,D,E,D,E,E,E,E,no,61,785999
2018-02-14 00:35:49,2018-02-14 00:37:59,IP Address,103.25.44.2,6,130,False,2018-02-14 10:40:37,R_BVzDwt2fnGOFwcx,,,,,,,anonymous,EN,A3PW0VUR7F1OUA,Female,24,Bachelor's Degree,Asian,Yes,,,,,,,,,,,,,,,,,,,,,,,,,,,,,,,,,,,,,,,,,,,,,,,,,,,,,,,,,,,,,,,,,,,,,,,,,,,,,,,,,,,,,,,,,,,,,,,,,,,,,,0,
2018-02-14 00:35:42,2018-02-14 00:45:47,IP Address,103.25.44.2,9,604,False,2018-02-14 10:40:39,R_3M51G3AU0EXmBgu,,,,,,,anonymous,EN,A1YGG7LBCMRPO1,Female,26,Master's Degree,Asian,Yes,,,,,,,,,,,,,,,,,,,,,,,,,,,,,,,,,,,,,,,,,,,,,,,,,,,,,,,,,,,,,,,,,,,,,,,,,,,,,,,,,,,,,,,,,,,,,,,,,,,,,,0,
2018-02-14 00:33:59,2018-02-14 00:51:16,IP Address,122.164.125.232,100,1037,False,2018-02-14 10:40:46,R_2pJP4kWqEVkViNb,,,,,,,anonymous,EN,AMC42JMQA8A5U,Female,27,Master's Degree,Asian,No,A,A,A,A,B,B,B,B,C,C,C,C,D,D,D,D,E,E,E,E,A,A,A,A,B,B,B,B,C,C,C,C,D,D,D,D,E,E,E,E,A,A,A,A,B,B,B,B,C,C,C,C,D,D,D,D,E,E,E,E,A,A,A,A,B,B,B,B,C,C,C,C,D,D,D,D,E,E,E,E,A,A,A,A,B,B,B,B,C,C,C,C,D,D,D,D,E,E,E,E,nice,100,785999
2018-02-14 00:30:41,2018-02-14 00:33:55,IP Address,103.99.205.221,10,193,False,2018-02-14 10:40:53,R_1i8PsgZIx9iS5oS,,,,,,,anonymous,EN,A1823B3S2PJMGQ,Male,34,Bachelor's Degree,"Black or African American,Asian",Yes,,,,,,,,,,,,,,,,,,,,,,,,,,,,,,,,,,,,,,,,,,,,,,,,,,,,,,,,,,,,,,,,,,,,,,,,,,,,,,,,,,,,,,,,,,,,,,,,,,,,,,0,
2018-02-14 00:29:11,2018-02-14 00:37:58,IP Address,103.25.44.2,27,526,False,2018-02-14 10:40:58,R_2v1fElJiP5UMfCH,,,,,,,anonymous,EN,A3PW0VUR7F1OUA,Female,24,Bachelor's Degree,Asian,Yes,C,C,C,D,C,,E,D,B,A,B,C,C,A,D,D,A,C,B,E,,,,,,,,,,,,,,,,,,,,,,,,,,,,,,,,,,,,,,,,,,,,,,,,,,,,,,,,,,,,,,,,,,,,,,,,,,,,,,,,,,4,
2018-02-14 00:25:58,2018-02-14 00:27:53,IP Address,189.222.154.182,7,114,False,2018-02-14 10:41:01,R_sFrtRjomcLjSzWF,,,,,,,anonymous,EN,A3O0HVOQ475PN1,Female,57,Bachelor's Degree,White,Yes,,,,,,,,,,,,,,,,,,,,,,,,,,,,,,,,,,,,,,,,,,,,,,,,,,,,,,,,,,,,,,,,,,,,,,,,,,,,,,,,,,,,,,,,,,,,,,,,,,,,,,0,
2018-02-14 00:28:12,2018-02-14 00:34:07,IP Address,103.66.79.80,25,355,False,2018-02-14 10:41:04,R_eRsJJommhpJEe65,,,,,,,anonymous,EN,A3IX1RJUNN7R1S,Male,28,Bachelor's Degree,Asian,No,A,A,A,,,B,B,B,C,C,C,C,B,D,B,B,,E,E,E,,,,,,,,,,,,,,,,,,,,,,,,,,,,,,,,,,,,,,,,,,,,,,,,,,,,,,,,,,,,,,,,,,,,,,,,,,,,,,,,,,14,
2018-02-14 00:25:39,2018-02-14 00:39:52,IP Address,67.172.239.192,100,853,False,2018-02-14 10:41:08,R_yDapuVDtoEqUqLT,,,,,,,anonymous,EN,A24D15L190ECGW,Female,22,Bachelor's Degree,White,Yes,A,A,A,A,A,B,B,B,C,E,E,C,D,D,D,D,E,E,E,E,A,A,A,A,A,A,C,A,C,A,C,B,D,D,D,D,E,E,E,E,A,A,A,A,C,C,B,B,A,A,A,A,D,D,D,D,E,E,E,E,A,B,A,A,B,B,B,B,C,B,C,A,D,D,D,D,E,E,E,E,A,A,A,A,B,B,D,C,C,A,C,B,D,D,D,D,E,E,E,E,,78,785999
2018-02-14 00:26:15,2018-02-14 00:35:41,IP Address,117.196.134.119,48,565,False,2018-02-14 10:41:11,R_bwTOk9YgHLPOvTj,,,,,,,anonymous,EN,A3EU2ZIKRJTLQD,Male,28,Master's Degree,Asian,Yes,A,A,A,A,B,B,B,B,C,C,C,C,D,D,D,D,E,E,E,E,A,A,A,A,B,B,B,B,C,C,C,C,D,D,D,D,E,E,E,E,,A,,,,,,,,C,,,D,,,,,,,,,,,,,,,,,,,,,,,,,,,,,,,,,,,,,,,,,,,,,,,,,43,
2018-02-14 00:23:03,2018-02-14 00:36:11,IP Address,79.118.58.71,25,787,False,2018-02-14 10:41:19,R_1hEZiXxv5i71Wdf,,,,,,,anonymous,EN,A110TF61JJR34O,Male,28,Bachelor's Degree,White,Yes,D,A,,C,C,D,B,,C,E,A,,C,A,C,B,B,C,A,B,,,,,,,,,,,,,,,,,,,,,,,,,,,,,,,,,,,,,,,,,,,,,,,,,,,,,,,,,,,,,,,,,,,,,,,,,,,,,,,,,,3,
2018-02-14 00:24:05,2018-02-14 00:35:12,IP Address,122.164.204.230,100,667,False,2018-02-14 10:41:32,R_x3dSWghKn0z0YHn,,,,,,,anonymous,EN,A2ZB24AEN6N7Y3,Female,21,Bachelor's Degree,Asian,Yes,C,E,A,A,B,B,B,B,C,C,C,E,C,C,D,C,E,C,E,E,A,A,A,A,B,B,B,B,C,C,C,C,D,D,C,D,E,E,E,E,A,A,A,A,B,B,B,B,C,C,C,C,D,D,D,D,E,E,E,E,A,A,A,A,B,B,B,B,C,C,C,D,D,D,D,D,E,E,E,E,A,A,A,A,B,B,B,B,C,C,C,C,D,D,D,D,E,E,E,E,NICE TASK.,91,785999
2018-02-15 01:31:21,2018-02-15 01:39:51,IP Address,122.164.125.232,100,509,True,2018-02-15 01:39:52,R_31v0mvhbw5xxTsD,,,,,"13,083297729492","80,283294677734",anonymous,EN,AXQWKUJF7SQXP,Male,25,Bachelor's Degree,American Indian or Alaska Native,Yes,A,A,A,C,B,B,B,B,C,C,C,C,D,D,D,D,E,E,E,E,A,C,A,A,B,B,B,B,C,C,C,C,D,D,D,D,E,E,E,E,A,A,A,A,B,B,B,B,C,C,C,C,D,D,B,D,E,E,E,E,A,A,A,A,B,B,B,B,C,C,C,C,D,D,D,D,E,E,E,E,A,A,A,A,B,B,D,B,C,C,C,C,D,D,D,D,E,E,E,E,good,96,785999
2018-02-15 01:29:38,2018-02-15 01:42:39,IP Address,157.48.106.162,100,781,True,2018-02-15 01:42:41,R_1IlKEnXWXAwuLcy,,,,,"17,375305175781","78,474395751953",anonymous,EN,A7HO8U70MUTUG,Female,26,Bachelor's Degree,"White,Asian",Yes,D,C,B,A,E,E,E,E,D,E,B,E,E,A,E,D,E,A,E,D,E,E,D,E,E,D,E,E,E,E,D,E,E,E,D,E,E,E,D,E,A,E,B,E,E,E,E,E,E,E,E,C,E,E,E,E,E,D,C,D,E,C,D,D,D,D,E,E,C,E,E,C,D,C,D,E,D,E,E,E,E,E,E,E,E,E,D,D,D,E,E,D,E,E,E,E,E,E,D,D,"yes, but compensation is low and the task is high",20,785999
2018-02-15 01:31:30,2018-02-15 01:43:31,IP Address,122.164.125.232,100,720,True,2018-02-15 01:43:33,R_1DJgKhFaOrPsY20,,,,,"13,083297729492","80,283294677734",anonymous,EN,AMC42JMQA8A5U,Female,27,Master's Degree,Asian,No,A,A,A,A,B,B,B,B,C,C,C,C,D,D,D,D,E,E,E,E,A,A,A,A,B,B,B,B,C,C,C,C,D,D,D,D,E,E,E,E,A,A,A,A,B,B,B,B,C,C,C,C,D,D,D,D,E,E,E,E,A,A,A,A,B,B,B,B,C,C,C,C,D,D,D,D,E,E,E,E,A,A,A,A,B,B,B,B,C,C,C,C,D,D,D,D,E,E,E,E,NICE,100,785999
2018-02-15 01:34:07,2018-02-15 01:46:25,IP Address,122.164.205.14,100,736,True,2018-02-15 01:46:26,R_2UVKILxRyCCm7uV,,,,,"9,9667053222656","76,233306884766",anonymous,EN,A1IM8G6UNAGQ7S,Female,22,Bachelor's Degree,American Indian or Alaska Native,Yes,A,A,A,A,B,B,B,B,C,C,B,C,C,D,D,C,E,E,E,E,A,A,A,A,B,B,B,B,C,C,D,D,C,D,D,D,E,E,E,E,A,A,A,A,B,B,B,B,C,C,C,C,D,D,D,D,E,E,E,E,A,A,A,A,B,B,B,B,C,C,C,C,D,D,D,C,E,E,E,E,A,A,A,A,B,B,B,B,C,C,C,C,D,D,D,D,E,E,E,E,GOOD,93,785999
2018-02-15 01:34:25,2018-02-15 01:46:39,IP Address,122.164.205.32,100,733,True,2018-02-15 01:46:41,R_2VD9q8NDUE1vCYI,,,,,"9,9667053222656","76,233306884766",anonymous,EN,A3PT15XRN1X8VE,Female,25,Bachelor's Degree,American Indian or Alaska Native,Yes,A,A,A,A,B,C,B,D,C,D,C,C,C,D,D,B,E,E,E,E,A,A,A,A,B,B,B,B,C,C,C,C,D,D,D,D,E,E,E,E,A,A,A,A,B,B,B,B,C,C,C,C,D,D,D,D,E,E,E,E,A,A,A,A,B,B,B,B,C,C,C,C,D,D,D,D,E,E,E,E,A,A,A,A,B,B,B,B,C,C,C,C,D,D,D,D,E,E,E,E,GOOD,95,785999
2018-02-15 01:29:38,2018-02-15 01:47:24,IP Address,122.164.90.122,100,1065,True,2018-02-15 01:47:26,R_2qwVG1sZgMNp4sQ,,,,,"13,083297729492","80,283294677734",anonymous,EN,A1TQ7UQSSQP7BD,Male,21,Master's Degree,Asian,Yes,A,A,A,A,B,B,B,B,C,C,C,E,B,D,D,E,E,E,E,E,A,C,A,C,E,B,B,B,C,C,C,C,D,D,D,D,E,C,A,D,A,A,A,A,A,B,E,A,C,C,C,C,D,D,D,D,E,E,B,E,B,A,B,B,B,B,B,B,C,C,C,C,D,D,D,D,E,B,B,E,A,E,A,A,B,B,B,B,C,C,C,C,D,D,D,D,E,E,B,A,GOOD,79,785999
2018-02-15 01:32:48,2018-02-15 01:51:15,IP Address,171.61.231.240,100,1106,True,2018-02-15 01:51:16,R_1NzzFDQGjVrQdXW,,,,,"13,083297729492","80,283294677734",anonymous,EN,ANZN7CH92GM4X,Male,30,Master's Degree,Asian,Yes,A,A,A,A,B,B,B,B,C,C,C,B,D,D,D,D,E,E,E,E,A,A,A,A,B,B,B,B,C,C,C,C,D,D,D,D,E,E,E,E,A,A,A,A,B,B,B,B,C,C,C,C,D,D,D,D,E,E,E,E,A,A,A,A,B,B,B,B,C,C,C,C,D,D,D,D,E,E,E,E,A,A,A,A,B,B,B,B,C,C,C,C,D,D,D,D,E,E,E,E,NO. ITS VERY INTERESTING,99,785999
2018-02-15 01:44:53,2018-02-15 01:56:52,IP Address,103.78.22.228,100,718,True,2018-02-15 01:56:54,R_ZjYUvhcxzOhfuCt,,,,,"10,966705322266","79,38330078125",anonymous,EN,A3BUSRXW32A27S,Male,28,Bachelor's Degree,Asian,No,A,A,A,A,B,B,E,B,B,C,C,C,D,D,D,D,E,E,E,E,A,A,A,A,B,B,B,B,C,C,C,C,D,D,D,D,E,E,E,E,A,A,A,A,B,B,B,B,C,C,C,C,D,D,D,D,E,E,E,E,A,A,A,A,B,B,B,B,C,C,C,C,D,D,D,D,E,E,E,E,A,A,A,A,B,B,B,B,C,C,D,C,D,D,D,D,E,E,A,E,mo,96,785999
2018-02-15 01:44:53,2018-02-15 01:57:57,IP Address,122.174.231.115,100,783,True,2018-02-15 01:57:59,R_sziYRV7CUbiuHbX,,,,,"9,9667053222656","76,233306884766",anonymous,EN,A2NPUPP06POEJ0,Male,25,Master's Degree,Asian,Yes,D,A,B,D,B,E,D,A,E,C,A,C,E,B,A,C,E,B,B,B,A,A,E,C,B,E,B,B,B,C,A,C,D,D,D,D,E,B,E,B,C,C,E,C,A,A,A,A,B,E,A,D,D,D,D,D,A,E,A,E,E,C,E,B,B,B,A,B,B,A,C,C,D,D,D,D,E,B,B,E,A,A,A,C,B,B,B,B,B,C,E,C,D,D,D,D,E,E,E,E,YES SOME CONFUSION BUT ITS EASY TO WAY OF PARTICIPATE,52,785999
2018-02-15 01:42:59,2018-02-15 01:59:57,IP Address,117.221.210.219,100,1017,True,2018-02-15 01:59:58,R_2CHVexDfwv6pVbm,,,,,"8,1938934326172","77,431396484375",anonymous,EN,AU7S0PAIT5L17,Male,34,Master's Degree,Asian,Yes,A,C,A,A,B,A,B,A,C,C,C,C,D,C,C,B,E,E,E,E,A,A,A,A,B,B,B,D,C,C,C,C,D,D,C,B,E,E,E,E,A,A,A,A,B,B,B,B,C,C,C,C,D,D,D,D,E,E,E,E,A,A,A,A,B,B,B,B,C,C,C,C,D,D,D,D,E,E,E,E,A,A,A,A,B,B,B,B,C,C,C,C,D,D,D,D,E,E,E,E,no,91,785999
2018-02-15 01:50:52,2018-02-15 02:00:31,IP Address,45.116.115.65,100,579,True,2018-02-15 02:00:33,R_1P1A6muaQcNnfk9,,,,,"11,233306884766","78,166687011719",anonymous,EN,A3J08ETUZNPUF3,Female,27,Bachelor's Degree,Asian,Yes,A,A,A,A,B,B,B,B,C,C,C,C,D,D,D,D,E,E,E,E,A,A,A,A,B,B,B,B,C,C,C,C,D,D,D,D,E,E,E,E,A,A,A,A,B,B,B,B,C,C,C,C,D,D,D,D,E,E,E,E,A,A,A,A,B,B,B,B,C,C,C,C,D,D,D,D,E,E,E,E,A,A,A,A,B,B,B,B,C,C,C,C,D,D,D,D,E,E,E,E,NICE,100,785999
2018-02-15 01:45:49,2018-02-15 02:01:44,IP Address,150.242.22.23,100,955,True,2018-02-15 02:01:46,R_3fTxKVOPog9UqnD,,,,,"9,9667053222656","76,233306884766",anonymous,EN,A1OFOVU6TCQ2K3,Male,31,Bachelor's Degree,Asian,Yes,B,E,C,B,B,B,E,C,D,C,D,B,E,D,A,D,C,A,E,D,A,E,A,A,B,B,B,B,C,C,C,C,D,D,D,D,E,E,E,E,A,A,A,A,B,B,B,B,C,C,C,C,D,D,D,D,E,E,E,E,A,A,A,A,B,B,B,B,C,C,C,C,D,D,D,D,E,E,E,E,A,A,A,A,B,B,B,B,C,C,C,C,D,D,D,D,E,E,E,E,SOMETIMES,85,785999
2018-02-15 01:44:24,2018-02-15 02:02:34,IP Address,171.49.219.43,100,1090,True,2018-02-15 02:02:36,R_ZDmmGUauuE2VFIZ,,,,,"13,083297729492","80,283294677734",anonymous,EN,A2Q4ILF5IEPAE3,Male,25,Bachelor's Degree,Asian,Yes,A,A,A,A,B,B,B,B,C,C,C,C,D,C,D,D,E,E,E,E,E,E,A,A,B,B,B,B,C,C,C,C,D,D,D,D,E,E,E,E,A,A,A,A,B,B,B,B,C,C,C,C,D,D,D,D,E,E,E,E,A,A,A,A,B,B,B,B,C,C,C,C,D,D,D,D,E,E,E,E,A,A,A,A,B,B,B,B,C,C,C,C,D,D,D,D,E,E,E,E,NOTHING,97,785999
2018-02-15 01:52:18,2018-02-15 02:03:22,IP Address,45.116.115.65,100,663,True,2018-02-15 02:03:24,R_6lBjFMTovQml1GV,,,,,"11,233306884766","78,166687011719",anonymous,EN,A13VEEU1DPKKOU,Female,25,Bachelor's Degree,Asian,Yes,A,A,A,A,B,B,B,B,C,C,C,C,D,D,D,D,E,E,E,B,A,A,A,A,B,B,B,B,C,C,C,C,D,D,D,D,E,B,E,B,A,A,A,A,B,B,B,B,C,C,C,C,D,D,D,D,E,E,E,E,A,A,A,A,B,B,B,B,C,C,C,C,D,D,D,D,E,E,E,E,A,A,A,A,B,B,B,B,C,C,C,C,D,D,D,D,E,E,E,E,NICE,97,785999
2018-02-15 01:47:57,2018-02-15 02:04:47,IP Address,122.164.89.35,100,1010,True,2018-02-15 02:04:48,R_4MW73zmmR9gGfCx,,,,,"11,929992675781","79,829986572266",anonymous,EN,AODEMLZW7K1A8,Male,23,Bachelor's Degree,Asian,Yes,A,A,B,A,E,C,C,D,B,B,C,B,B,E,C,B,E,B,C,C,A,A,A,A,C,B,D,B,B,D,B,C,D,D,D,D,E,E,E,E,A,A,A,A,B,B,B,B,C,B,C,C,D,D,D,D,E,E,E,E,A,A,A,A,B,C,C,B,C,C,B,C,D,D,D,D,E,E,E,E,A,A,A,A,B,B,C,B,C,C,C,C,D,D,D,D,E,E,E,E,NICE,75,785999
2018-02-15 01:30:16,2018-02-15 02:05:15,IP Address,157.50.18.26,100,2098,True,2018-02-15 02:05:16,R_1OQ5VulXUYQQlcW,,,,,"13,083297729492","80,283294677734",anonymous,EN,A2Q2A7AB6MMFLI,Male,24,Bachelor's Degree,Asian,Yes,A,A,A,A,B,B,E,D,C,B,C,C,C,D,B,C,E,B,E,D,A,A,A,A,B,B,B,C,C,C,C,C,D,D,D,C,E,E,E,E,A,A,A,A,B,B,B,B,C,C,C,C,D,D,C,D,E,E,E,E,A,A,A,A,B,B,B,B,C,C,C,C,D,D,D,D,E,E,E,E,A,A,A,A,B,B,B,B,C,C,C,C,D,D,D,D,E,E,E,E,   NO                                                                                                                                                                      ,89,785999
2018-02-15 01:52:26,2018-02-15 02:06:12,IP Address,122.164.90.26,100,825,True,2018-02-15 02:06:13,R_3qHyJEIVXG3hwCS,,,,,"13,083297729492","80,283294677734",anonymous,EN,A20SMUCY0FQA7Z,Male,25,Bachelor's Degree,Asian,No,A,A,A,A,B,B,B,B,C,C,C,C,D,D,D,D,E,E,E,E,A,A,A,A,B,B,B,B,C,C,C,C,D,D,D,D,E,E,E,E,A,A,A,A,B,B,B,B,C,C,C,C,D,D,D,D,E,E,E,E,A,A,A,A,B,B,B,B,C,C,C,C,D,D,D,D,E,E,E,E,A,A,A,A,B,B,B,B,C,C,C,C,D,D,D,D,E,E,E,E,EXPERIENCE WAS GOOD,100,785999
2018-02-15 01:56:46,2018-02-15 02:08:01,IP Address,122.164.91.79,100,674,True,2018-02-15 02:08:02,R_1Dxbv7reaDlmU5P,,,,,"13,083297729492","80,283294677734",anonymous,EN,A2M5YIOR0MJUSA,Female,24,Bachelor's Degree,Asian,Yes,A,A,A,A,B,B,B,B,C,C,C,C,D,D,D,D,E,E,E,E,A,A,A,A,B,B,B,B,C,C,C,C,D,D,D,D,E,E,E,E,A,A,A,A,B,B,B,B,C,C,C,C,D,D,D,D,E,E,E,E,A,A,A,A,B,B,B,E,C,C,C,C,D,D,D,D,E,E,E,E,A,A,A,A,B,B,B,B,C,C,C,C,D,D,D,D,E,E,E,E,NICE,99,785999
2018-02-15 01:33:37,2018-02-15 02:08:57,IP Address,110.227.197.178,100,2120,True,2018-02-15 02:08:59,R_2uDkjSaTYvRoYf9,,,,,"23,111602783203","72,572204589844",anonymous,EN,A138IDUXMA6TAQ,Male,33,Bachelor's Degree,Asian,Yes,A,A,A,C,B,B,B,C,C,B,C,C,D,A,B,D,E,E,E,E,A,A,A,A,B,B,B,B,C,C,C,A,D,D,D,D,E,E,E,E,A,A,A,A,B,B,B,B,C,C,C,C,D,D,D,D,E,E,E,E,A,A,A,A,B,B,B,B,C,C,C,C,D,D,B,D,E,E,E,E,A,A,A,A,B,B,B,B,C,C,C,C,D,D,D,D,E,E,E,E,,93,785999
2018-02-15 02:00:08,2018-02-15 02:11:25,IP Address,144.48.49.57,100,676,True,2018-02-15 02:11:26,R_p415R4iTjcS1tEB,,,,,"9,9333038330078","78,11669921875",anonymous,EN,A1I3Z5NKBMZHE7,Female,24,Bachelor's Degree,Asian,Yes,A,C,A,D,B,B,B,D,C,C,C,C,D,D,D,D,A,A,D,E,A,A,A,A,B,B,B,B,C,C,C,C,D,D,D,D,E,E,E,B,A,A,A,A,B,B,B,B,C,C,C,C,D,D,D,D,E,E,E,E,A,A,A,A,B,B,B,B,C,C,C,C,D,D,D,D,E,E,E,E,A,A,A,A,B,B,B,B,C,C,C,C,D,D,D,D,E,E,E,E,NO CONFUSION,93,785999
2018-02-15 01:58:27,2018-02-15 02:12:46,IP Address,157.50.47.81,100,858,True,2018-02-15 02:12:48,R_Xu3gVcVnKuSHEPv,,,,,"11,649993896484","78,166687011719",anonymous,EN,AGK30V341UN88,Male,41,Bachelor's Degree,Asian,No,A,A,A,A,B,B,B,B,C,C,C,C,D,D,D,D,E,E,E,E,A,A,A,A,B,B,B,B,C,C,C,C,D,D,D,D,E,E,E,E,A,A,A,A,B,B,B,B,C,C,C,C,D,D,D,D,E,E,E,E,A,A,A,A,B,B,B,B,C,C,C,C,D,D,D,D,E,E,E,E,A,A,A,A,B,B,B,B,C,C,C,C,D,D,D,D,E,E,E,E,"No, I haven't experience any confusion or technical problems with this questionaire",100,785999
2018-02-15 01:58:16,2018-02-15 02:13:20,IP Address,122.174.162.250,100,903,True,2018-02-15 02:13:22,R_3GD7EUAR4hwa8av,,,,,"13,083297729492","80,283294677734",anonymous,EN,A32Y9JC775LYLV,Male,28,Bachelor's Degree,Asian,Yes,A,A,B,B,B,C,D,C,B,C,C,B,C,C,C,B,E,E,E,E,A,B,A,D,D,B,B,D,C,D,C,D,C,D,B,D,E,E,E,E,A,A,A,A,B,B,B,B,C,C,C,C,D,D,D,D,E,E,E,E,A,A,A,A,D,B,B,B,C,C,C,C,D,D,D,D,E,E,E,E,A,A,A,A,D,D,D,D,C,C,C,C,D,D,D,D,E,E,E,E,NO,76,785999
2018-02-15 01:58:56,2018-02-15 02:13:39,IP Address,117.221.221.104,100,882,True,2018-02-15 02:13:40,R_1dumx5YFQni9xp3,,,,,"11,75","79,75",anonymous,EN,ALFN87DRIW47R,Female,21,Bachelor's Degree,Asian,No,A,C,A,D,B,B,B,B,C,C,C,C,D,D,D,D,E,E,E,E,A,A,A,A,B,B,B,B,C,C,C,C,D,D,D,D,E,E,E,E,A,A,A,A,B,B,B,B,C,C,C,C,D,D,D,D,E,E,E,E,A,A,A,A,B,B,B,B,C,C,C,C,D,D,D,D,E,E,E,E,A,A,A,A,B,C,B,B,C,C,C,C,D,D,D,D,E,E,E,E,no idea,97,785999
2018-02-15 02:01:13,2018-02-15 02:14:19,IP Address,122.164.91.64,100,786,True,2018-02-15 02:14:21,R_2CwGBWXc7n28MAo,,,,,"13,083297729492","80,283294677734",anonymous,EN,A2KH9SC6A8VQXZ,Male,25,Bachelor's Degree,Asian,Yes,A,A,A,A,B,B,B,B,C,C,C,C,D,D,D,D,E,E,E,E,A,A,A,A,B,B,B,B,B,C,C,C,B,D,D,D,E,E,E,E,A,A,A,A,B,B,B,A,C,C,C,C,D,D,D,D,E,E,E,E,A,A,A,A,B,B,B,B,C,C,C,C,D,D,D,D,E,E,E,E,A,A,A,A,B,B,B,B,C,C,C,C,D,D,D,D,E,E,E,E,GOOD,97,785999
2018-02-15 01:59:14,2018-02-15 02:14:30,IP Address,122.164.94.94,100,915,True,2018-02-15 02:14:32,R_8qYF2jHFlae1aIV,,,,,"9,5166931152344","78,100006103516",anonymous,EN,A2FVHVDTBC1BVB,Male,25,Bachelor's Degree,White,Yes,B,A,A,B,B,E,D,B,C,B,D,B,C,C,B,D,E,E,E,E,A,A,A,A,B,B,B,B,B,B,B,C,D,D,D,D,E,E,E,E,A,A,A,A,B,B,B,B,C,B,D,B,C,D,D,D,E,E,E,E,A,A,A,A,B,B,B,B,C,C,C,C,D,D,D,D,E,E,E,E,A,A,A,A,B,B,B,B,D,C,D,C,D,D,D,D,E,E,E,E,NO CONFUSION,81,785999
2018-02-15 01:54:13,2018-02-15 02:19:05,IP Address,117.217.176.18,100,1491,True,2018-02-15 02:19:06,R_3GE6wXszAt9pmsc,,,,,"13,083297729492","80,283294677734",anonymous,EN,A3BTT8UPLZUGVK,Female,28,Bachelor's Degree,Asian,Yes,D,C,E,A,D,E,B,C,D,E,D,B,C,C,B,D,C,A,A,B,C,A,D,E,B,D,C,B,D,D,B,D,D,B,B,B,D,A,D,D,E,C,B,B,D,D,C,B,A,C,D,A,D,B,D,D,A,E,A,B,A,C,E,A,D,C,C,D,C,A,A,A,D,D,D,D,E,B,B,A,C,C,B,A,A,B,B,B,C,B,A,B,D,D,D,D,A,B,A,B,GOOD EXPERIANCE,30,785999
2018-02-15 02:08:50,2018-02-15 02:19:56,IP Address,117.216.33.200,100,666,True,2018-02-15 02:19:57,R_XuYrYInhsYPOVMZ,,,,,"8,1938934326172","77,431396484375",anonymous,EN,A1RF3SUO8U3QWU,Female,23,Master's Degree,American Indian or Alaska Native,Yes,A,A,A,A,B,B,B,B,C,C,C,C,D,D,D,D,E,E,E,E,A,A,A,A,B,B,B,B,C,C,C,C,D,D,D,D,E,E,E,E,A,A,A,A,B,B,B,B,C,C,C,C,D,D,D,D,E,E,E,E,A,A,A,A,B,B,B,B,C,C,C,C,D,D,D,D,E,E,E,E,A,A,A,A,B,B,B,B,C,C,C,C,D,D,D,D,E,E,E,E,CONFUSION,100,785999
2018-02-15 02:13:42,2018-02-15 02:27:38,IP Address,160.238.93.95,100,836,True,2018-02-15 02:27:40,R_DVqC23Dn6eKUEGR,,,,,"8,3166961669922","77,183288574219",anonymous,EN,A22BVC4RFB2R1A,Female,22,Bachelor's Degree,American Indian or Alaska Native,Yes,A,A,A,A,B,B,B,B,C,C,C,C,D,D,D,D,E,E,E,E,A,A,A,A,B,B,B,B,C,C,C,C,D,D,D,D,E,E,E,E,A,A,A,A,B,B,B,B,C,C,C,C,D,D,D,D,E,E,E,E,A,A,A,A,B,B,B,B,C,C,C,C,D,D,D,D,E,E,E,E,A,A,A,A,B,B,B,B,C,C,C,C,D,D,D,D,E,E,E,E,,100,785999
2018-02-15 01:51:59,2018-02-15 02:32:51,IP Address,157.50.209.167,100,2452,True,2018-02-15 02:32:53,R_qCNOJ00fHOKiSlz,,,,,"9,9333038330078","78,11669921875",anonymous,EN,AF05PSI29KI6P,Male,25,Some 2-year College,Asian,No,A,A,A,A,B,E,B,B,C,C,C,C,D,D,C,D,E,E,E,E,A,A,A,A,B,B,B,B,C,C,C,C,D,D,D,D,E,B,B,E,A,A,A,A,B,B,B,B,C,C,C,C,D,D,D,D,E,E,E,E,A,A,A,A,B,B,B,B,C,C,C,C,D,D,D,D,E,E,E,E,A,A,A,A,B,B,B,B,C,C,C,C,D,D,D,D,E,E,E,E,lillely confued,96,785999
2018-02-15 02:30:31,2018-02-15 02:41:29,IP Address,160.238.93.95,100,657,True,2018-02-15 02:41:31,R_XMN0viQanCXP9tv,,,,,"8,3166961669922","77,183288574219",anonymous,EN,A3HVIHP066ACJQ,Female,24,Some 4-year College,Asian,Yes,A,A,A,A,B,B,B,B,C,C,C,A,D,D,D,D,E,E,E,E,A,A,A,A,B,B,B,B,C,C,C,C,D,D,D,D,E,E,E,E,A,A,A,A,B,B,B,B,C,C,C,C,D,D,D,D,E,E,E,E,A,A,A,A,B,B,B,B,C,C,C,C,D,D,D,D,E,E,E,E,A,A,A,A,B,B,B,B,C,C,C,C,D,D,D,D,E,E,E,E,nice,99,785999
2018-02-15 01:44:52,2018-02-15 02:41:39,IP Address,160.238.93.95,100,3406,True,2018-02-15 02:41:41,R_2E7ejHh42sWLn8S,,,,,"8,3166961669922","77,183288574219",anonymous,EN,A2NL0CEFLI1YP2,Female,24,Bachelor's Degree,Asian,Yes,A,A,A,A,B,B,B,B,C,C,C,C,D,D,D,D,E,E,E,E,A,A,A,D,B,B,B,B,C,C,C,C,D,D,D,D,E,E,E,E,A,A,A,A,B,B,B,B,C,C,C,C,D,D,D,D,E,E,E,E,A,A,A,A,B,B,B,B,C,C,C,C,D,D,D,D,E,E,E,E,A,A,A,A,B,B,B,B,C,C,C,C,D,D,D,D,E,E,E,E,NICE,99,785999
2018-02-15 02:35:34,2018-02-15 02:48:06,IP Address,103.243.46.240,100,751,True,2018-02-15 02:48:07,R_1qURIa5Xt2K1NYn,,,,,"9,9667053222656","76,233306884766",anonymous,EN,AF1HT6VL272QZ,Male,30,Bachelor's Degree,Asian,Yes,B,A,A,B,B,A,B,B,C,C,A,C,D,D,D,D,E,E,E,E,A,A,A,A,A,B,A,B,C,A,A,C,D,D,D,D,E,E,E,E,A,A,A,A,B,B,B,B,C,C,C,C,D,D,D,D,E,E,E,E,A,A,A,A,B,B,B,B,C,C,C,B,D,D,D,D,E,E,E,E,A,A,A,A,B,B,B,B,C,C,C,C,D,D,D,D,E,E,E,E,nice,91,785999
2018-02-15 02:56:30,2018-02-15 03:08:53,IP Address,203.223.190.79,100,743,True,2018-02-15 03:08:55,R_1Ckf0kPB4paGJRd,,,,,"10,992492675781","76,961395263672",anonymous,EN,A15QGLWS8CNJFU,Female,26,Master's Degree,White,Yes,E,D,E,D,C,B,B,B,C,B,A,D,A,B,A,A,C,D,B,B,A,E,B,B,B,B,A,D,C,D,B,C,B,A,C,C,B,E,B,C,B,A,A,A,D,A,A,A,C,B,D,B,A,C,D,C,D,D,D,B,A,A,B,B,D,B,C,C,C,A,E,D,B,C,A,C,E,D,D,E,C,D,A,A,D,C,D,E,C,E,C,C,C,D,C,B,C,B,E,C,,28,785999
