"","HITId","HITTypeId","Title","Description","Keywords","Reward","CreationTime","MaxAssignments","RequesterAnnotation","AssignmentDurationInSeconds","AutoApprovalDelayInSeconds","Expiration","NumberOfSimilarHITs","LifetimeInSeconds","AssignmentId","WorkerId","AssignmentStatus","AcceptTime","SubmitTime","AutoApprovalTime","ApprovalTime","RejectionTime","RequesterFeedback","WorkTimeInSeconds","LifetimeApprovalRate","Last30DaysApprovalRate","Last7DaysApprovalRate","Answer.surveycode","Approve","Reject"
"1","367O8HRHKGMLV0ZULYSOHGIIPHVS42","3PDAEG1VSK32VN4HI0BEMPZC0YF5U9","Investigating character interactions","Here, we ask you to view images of characters and answer questions about them.","survey, demographics","$0.20","Wed Feb 14 22:27:43 PST 2018",50,"BatchId:3116154;OriginalHitTemplateId:920937340;",3600,259200,"Wed Feb 21 22:27:43 PST 2018",NA,NA,"320DUZ38G80AUX7HJ7QCNOKIBTMJG9","AJRCRDPKD4TL4","Submitted","Wed Feb 14 22:44:08 PST 2018","Wed Feb 14 23:04:09 PST 2018","Sat Feb 17 23:04:09 PST 2018",NA,NA,NA,1201,"0% (0/0)","0% (0/0)","0% (0/0)",785999,"","X"
"2","367O8HRHKGMLV0ZULYSOHGIIPHVS42","3PDAEG1VSK32VN4HI0BEMPZC0YF5U9","Investigating character interactions","Here, we ask you to view images of characters and answer questions about them.","survey, demographics","$0.20","Wed Feb 14 22:27:43 PST 2018",50,"BatchId:3116154;OriginalHitTemplateId:920937340;",3600,259200,"Wed Feb 21 22:27:43 PST 2018",NA,NA,"32N49TQG3HWIB1U8EWCLUQK98LFAV8","A39UN3PEIRSPCG","Submitted","Wed Feb 14 22:29:17 PST 2018","Wed Feb 14 23:04:35 PST 2018","Sat Feb 17 23:04:35 PST 2018",NA,NA,NA,2118,"100% (1/1)","100% (1/1)","0% (0/0)",785999,"X",""
"3","367O8HRHKGMLV0ZULYSOHGIIPHVS42","3PDAEG1VSK32VN4HI0BEMPZC0YF5U9","Investigating character interactions","Here, we ask you to view images of characters and answer questions about them.","survey, demographics","$0.20","Wed Feb 14 22:27:43 PST 2018",50,"BatchId:3116154;OriginalHitTemplateId:920937340;",3600,259200,"Wed Feb 21 22:27:43 PST 2018",NA,NA,"333U7HK6IAT7IDXQHHP4H3HLY16DJT","A2M5YIOR0MJUSA","Submitted","Wed Feb 14 22:42:10 PST 2018","Wed Feb 14 22:56:24 PST 2018","Sat Feb 17 22:56:24 PST 2018",NA,NA,NA,854,"100% (2/2)","100% (1/1)","100% (1/1)",785999,"X",""
"4","367O8HRHKGMLV0ZULYSOHGIIPHVS42","3PDAEG1VSK32VN4HI0BEMPZC0YF5U9","Investigating character interactions","Here, we ask you to view images of characters and answer questions about them.","survey, demographics","$0.20","Wed Feb 14 22:27:43 PST 2018",50,"BatchId:3116154;OriginalHitTemplateId:920937340;",3600,259200,"Wed Feb 21 22:27:43 PST 2018",NA,NA,"33LK57MYLUJ3KHLCWTNF0WRBI2SSZM","AY45B0YHI4TUP","Submitted","Wed Feb 14 22:31:45 PST 2018","Wed Feb 14 22:48:59 PST 2018","Sat Feb 17 22:48:59 PST 2018",NA,NA,NA,1034,"100% (1/1)","0% (0/0)","0% (0/0)",785999,"X",""
"5","367O8HRHKGMLV0ZULYSOHGIIPHVS42","3PDAEG1VSK32VN4HI0BEMPZC0YF5U9","Investigating character interactions","Here, we ask you to view images of characters and answer questions about them.","survey, demographics","$0.20","Wed Feb 14 22:27:43 PST 2018",50,"BatchId:3116154;OriginalHitTemplateId:920937340;",3600,259200,"Wed Feb 21 22:27:43 PST 2018",NA,NA,"33SA9F9TRY8YG3BPKBJ3CBTE09FWEZ","A2O9IUW2YJTCEV","Submitted","Wed Feb 14 22:35:08 PST 2018","Wed Feb 14 22:46:43 PST 2018","Sat Feb 17 22:46:43 PST 2018",NA,NA,NA,695,"0% (0/0)","0% (0/0)","0% (0/0)",785999,"X",""
"6","367O8HRHKGMLV0ZULYSOHGIIPHVS42","3PDAEG1VSK32VN4HI0BEMPZC0YF5U9","Investigating character interactions","Here, we ask you to view images of characters and answer questions about them.","survey, demographics","$0.20","Wed Feb 14 22:27:43 PST 2018",50,"BatchId:3116154;OriginalHitTemplateId:920937340;",3600,259200,"Wed Feb 21 22:27:43 PST 2018",NA,NA,"3483FV8BEFX8R8K309BYCGLCF4X263","A2H9COVN7HMNLL","Submitted","Wed Feb 14 22:38:16 PST 2018","Wed Feb 14 22:48:02 PST 2018","Sat Feb 17 22:48:02 PST 2018",NA,NA,NA,586,"100% (2/2)","100% (2/2)","100% (2/2)",785999,"X",""
"7","367O8HRHKGMLV0ZULYSOHGIIPHVS42","3PDAEG1VSK32VN4HI0BEMPZC0YF5U9","Investigating character interactions","Here, we ask you to view images of characters and answer questions about them.","survey, demographics","$0.20","Wed Feb 14 22:27:43 PST 2018",50,"BatchId:3116154;OriginalHitTemplateId:920937340;",3600,259200,"Wed Feb 21 22:27:43 PST 2018",NA,NA,"354P56DE9LHK07F6DYVW9CYC89G7SA","A2QG1N2LFV0VXW","Submitted","Wed Feb 14 22:39:57 PST 2018","Wed Feb 14 22:52:20 PST 2018","Sat Feb 17 22:52:20 PST 2018",NA,NA,NA,743,"0% (0/0)","0% (0/0)","0% (0/0)",785999,"","X"
"8","367O8HRHKGMLV0ZULYSOHGIIPHVS42","3PDAEG1VSK32VN4HI0BEMPZC0YF5U9","Investigating character interactions","Here, we ask you to view images of characters and answer questions about them.","survey, demographics","$0.20","Wed Feb 14 22:27:43 PST 2018",50,"BatchId:3116154;OriginalHitTemplateId:920937340;",3600,259200,"Wed Feb 21 22:27:43 PST 2018",NA,NA,"35LDD5557BI5XR9LCVOJ184SM4YKMH","A2NL0CEFLI1YP2","Submitted","Wed Feb 14 22:47:20 PST 2018","Wed Feb 14 23:29:59 PST 2018","Sat Feb 17 23:29:59 PST 2018",NA,NA,NA,2559,"100% (1/1)","100% (1/1)","0% (0/0)",785999,"X",""
"9","367O8HRHKGMLV0ZULYSOHGIIPHVS42","3PDAEG1VSK32VN4HI0BEMPZC0YF5U9","Investigating character interactions","Here, we ask you to view images of characters and answer questions about them.","survey, demographics","$0.20","Wed Feb 14 22:27:43 PST 2018",50,"BatchId:3116154;OriginalHitTemplateId:920937340;",3600,259200,"Wed Feb 21 22:27:43 PST 2018",NA,NA,"36W0OB37HXSEU87WLZBGWIK99RBHZQ","A2RIOB3PTFCQAO","Submitted","Wed Feb 14 22:28:10 PST 2018","Wed Feb 14 22:57:48 PST 2018","Sat Feb 17 22:57:48 PST 2018",NA,NA,NA,1778,"0% (0/0)","0% (0/0)","0% (0/0)",785999,"X",""
"10","367O8HRHKGMLV0ZULYSOHGIIPHVS42","3PDAEG1VSK32VN4HI0BEMPZC0YF5U9","Investigating character interactions","Here, we ask you to view images of characters and answer questions about them.","survey, demographics","$0.20","Wed Feb 14 22:27:43 PST 2018",50,"BatchId:3116154;OriginalHitTemplateId:920937340;",3600,259200,"Wed Feb 21 22:27:43 PST 2018",NA,NA,"38BQUHLA9XEONIU0ANGC8PL1698OM5","A22BVC4RFB2R1A","Submitted","Wed Feb 14 22:47:50 PST 2018","Wed Feb 14 23:12:51 PST 2018","Sat Feb 17 23:12:51 PST 2018",NA,NA,NA,1501,"0% (0/0)","0% (0/0)","0% (0/0)",785999,"X",""
"11","367O8HRHKGMLV0ZULYSOHGIIPHVS42","3PDAEG1VSK32VN4HI0BEMPZC0YF5U9","Investigating character interactions","Here, we ask you to view images of characters and answer questions about them.","survey, demographics","$0.20","Wed Feb 14 22:27:43 PST 2018",50,"BatchId:3116154;OriginalHitTemplateId:920937340;",3600,259200,"Wed Feb 21 22:27:43 PST 2018",NA,NA,"3CCZ6YKWR8XN8O5OGZG8UXFQPFW59I","A1YGG7LBCMRPO1","Submitted","Wed Feb 14 22:40:29 PST 2018","Wed Feb 14 23:08:32 PST 2018","Sat Feb 17 23:08:32 PST 2018",NA,NA,NA,1683,"0% (0/1)","0% (0/1)","0% (0/1)",785999,"","X"
"12","367O8HRHKGMLV0ZULYSOHGIIPHVS42","3PDAEG1VSK32VN4HI0BEMPZC0YF5U9","Investigating character interactions","Here, we ask you to view images of characters and answer questions about them.","survey, demographics","$0.20","Wed Feb 14 22:27:43 PST 2018",50,"BatchId:3116154;OriginalHitTemplateId:920937340;",3600,259200,"Wed Feb 21 22:27:43 PST 2018",NA,NA,"3CFVK00FWMZESU6BAFT3RCKLL4OL6B","A3HKZTDVORNEZ","Submitted","Wed Feb 14 22:44:55 PST 2018","Wed Feb 14 23:12:17 PST 2018","Sat Feb 17 23:12:17 PST 2018",NA,NA,NA,1642,"0% (0/0)","0% (0/0)","0% (0/0)",785999,"X",""
"13","367O8HRHKGMLV0ZULYSOHGIIPHVS42","3PDAEG1VSK32VN4HI0BEMPZC0YF5U9","Investigating character interactions","Here, we ask you to view images of characters and answer questions about them.","survey, demographics","$0.20","Wed Feb 14 22:27:43 PST 2018",50,"BatchId:3116154;OriginalHitTemplateId:920937340;",3600,259200,"Wed Feb 21 22:27:43 PST 2018",NA,NA,"3DI28L7YXBS5F2VMNNUIJL3K4W81E7","A2DW47AFPJWXAM","Submitted","Wed Feb 14 22:46:55 PST 2018","Wed Feb 14 23:23:07 PST 2018","Sat Feb 17 23:23:07 PST 2018",NA,NA,NA,2172,"0% (0/0)","0% (0/0)","0% (0/0)",785999,"X",""
"14","367O8HRHKGMLV0ZULYSOHGIIPHVS42","3PDAEG1VSK32VN4HI0BEMPZC0YF5U9","Investigating character interactions","Here, we ask you to view images of characters and answer questions about them.","survey, demographics","$0.20","Wed Feb 14 22:27:43 PST 2018",50,"BatchId:3116154;OriginalHitTemplateId:920937340;",3600,259200,"Wed Feb 21 22:27:43 PST 2018",NA,NA,"3DIP6YHAPD6NQ2F7M83XYVQSI2D8EX","A3C8SBXXN9CYM0","Submitted","Wed Feb 14 22:42:37 PST 2018","Wed Feb 14 22:54:41 PST 2018","Sat Feb 17 22:54:41 PST 2018",NA,NA,NA,724,"0% (0/0)","0% (0/0)","0% (0/0)",785999,"","X"
"15","367O8HRHKGMLV0ZULYSOHGIIPHVS42","3PDAEG1VSK32VN4HI0BEMPZC0YF5U9","Investigating character interactions","Here, we ask you to view images of characters and answer questions about them.","survey, demographics","$0.20","Wed Feb 14 22:27:43 PST 2018",50,"BatchId:3116154;OriginalHitTemplateId:920937340;",3600,259200,"Wed Feb 21 22:27:43 PST 2018",NA,NA,"3E13VNJ1NO9HV7X8J6K9401CWPDI1V","A3EKETMVGU2PM9","Submitted","Wed Feb 14 22:28:14 PST 2018","Wed Feb 14 23:00:53 PST 2018","Sat Feb 17 23:00:53 PST 2018",NA,NA,NA,1959,"0% (0/0)","0% (0/0)","0% (0/0)",785999,"X",""
"16","367O8HRHKGMLV0ZULYSOHGIIPHVS42","3PDAEG1VSK32VN4HI0BEMPZC0YF5U9","Investigating character interactions","Here, we ask you to view images of characters and answer questions about them.","survey, demographics","$0.20","Wed Feb 14 22:27:43 PST 2018",50,"BatchId:3116154;OriginalHitTemplateId:920937340;",3600,259200,"Wed Feb 21 22:27:43 PST 2018",NA,NA,"3EJJQNKU9SJ5SHL5BIH3AFIA0ASRH7","A1QY1MFS05SZY6","Submitted","Wed Feb 14 22:34:30 PST 2018","Wed Feb 14 23:18:00 PST 2018","Sat Feb 17 23:18:00 PST 2018",NA,NA,NA,2610,"0% (0/0)","0% (0/0)","0% (0/0)",785999,"X",""
"17","367O8HRHKGMLV0ZULYSOHGIIPHVS42","3PDAEG1VSK32VN4HI0BEMPZC0YF5U9","Investigating character interactions","Here, we ask you to view images of characters and answer questions about them.","survey, demographics","$0.20","Wed Feb 14 22:27:43 PST 2018",50,"BatchId:3116154;OriginalHitTemplateId:920937340;",3600,259200,"Wed Feb 21 22:27:43 PST 2018",NA,NA,"3F6KKYWMNCF313OBWFHWAAY27LAND6","A1RF3SUO8U3QWU","Submitted","Wed Feb 14 22:29:35 PST 2018","Wed Feb 14 22:48:06 PST 2018","Sat Feb 17 22:48:06 PST 2018",NA,NA,NA,1111,"100% (2/2)","100% (2/2)","0% (0/0)",785999,"X",""
"18","367O8HRHKGMLV0ZULYSOHGIIPHVS42","3PDAEG1VSK32VN4HI0BEMPZC0YF5U9","Investigating character interactions","Here, we ask you to view images of characters and answer questions about them.","survey, demographics","$0.20","Wed Feb 14 22:27:43 PST 2018",50,"BatchId:3116154;OriginalHitTemplateId:920937340;",3600,259200,"Wed Feb 21 22:27:43 PST 2018",NA,NA,"3FIUS151DWG03VHGB159QBS2J14GG1","A2WZ0RZMKQ2WGJ","Submitted","Wed Feb 14 22:31:34 PST 2018","Wed Feb 14 22:50:06 PST 2018","Sat Feb 17 22:50:06 PST 2018",NA,NA,NA,1112,"0% (0/0)","0% (0/0)","0% (0/0)",785999,"","X"
"19","367O8HRHKGMLV0ZULYSOHGIIPHVS42","3PDAEG1VSK32VN4HI0BEMPZC0YF5U9","Investigating character interactions","Here, we ask you to view images of characters and answer questions about them.","survey, demographics","$0.20","Wed Feb 14 22:27:43 PST 2018",50,"BatchId:3116154;OriginalHitTemplateId:920937340;",3600,259200,"Wed Feb 21 22:27:43 PST 2018",NA,NA,"3FQ5JJ512M2BF9ULOW3JENTSRU7KNG","A1YFVXP4A1CXSF","Submitted","Wed Feb 14 22:28:33 PST 2018","Wed Feb 14 23:02:09 PST 2018","Sat Feb 17 23:02:09 PST 2018",NA,NA,NA,2016,"0% (0/0)","0% (0/0)","0% (0/0)",785999,"X",""
"20","367O8HRHKGMLV0ZULYSOHGIIPHVS42","3PDAEG1VSK32VN4HI0BEMPZC0YF5U9","Investigating character interactions","Here, we ask you to view images of characters and answer questions about them.","survey, demographics","$0.20","Wed Feb 14 22:27:43 PST 2018",50,"BatchId:3116154;OriginalHitTemplateId:920937340;",3600,259200,"Wed Feb 21 22:27:43 PST 2018",NA,NA,"3G5F9DBFOQBXLO2MK2MDBC7DLG6HVR","A2KH9SC6A8VQXZ","Submitted","Wed Feb 14 22:45:09 PST 2018","Wed Feb 14 23:00:58 PST 2018","Sat Feb 17 23:00:58 PST 2018",NA,NA,NA,949,"100% (2/2)","100% (1/1)","100% (1/1)",785999,"X",""
"21","367O8HRHKGMLV0ZULYSOHGIIPHVS42","3PDAEG1VSK32VN4HI0BEMPZC0YF5U9","Investigating character interactions","Here, we ask you to view images of characters and answer questions about them.","survey, demographics","$0.20","Wed Feb 14 22:27:43 PST 2018",50,"BatchId:3116154;OriginalHitTemplateId:920937340;",3600,259200,"Wed Feb 21 22:27:43 PST 2018",NA,NA,"3GDTJDAPVVPL2Q7K36RGB3V1R438ML","A219F0XEEZIGAT","Submitted","Wed Feb 14 22:28:43 PST 2018","Wed Feb 14 22:47:11 PST 2018","Sat Feb 17 22:47:11 PST 2018",NA,NA,NA,1108,"0% (0/0)","0% (0/0)","0% (0/0)",785999,"X",""
"22","367O8HRHKGMLV0ZULYSOHGIIPHVS42","3PDAEG1VSK32VN4HI0BEMPZC0YF5U9","Investigating character interactions","Here, we ask you to view images of characters and answer questions about them.","survey, demographics","$0.20","Wed Feb 14 22:27:43 PST 2018",50,"BatchId:3116154;OriginalHitTemplateId:920937340;",3600,259200,"Wed Feb 21 22:27:43 PST 2018",NA,NA,"3HHRAGRYX9J9GYB6LEC733FH6A1O96","A3UE49REX108ZE","Submitted","Wed Feb 14 22:46:34 PST 2018","Wed Feb 14 23:00:11 PST 2018","Sat Feb 17 23:00:11 PST 2018",NA,NA,NA,817,"0% (0/0)","0% (0/0)","0% (0/0)",785999,"","X"
"23","367O8HRHKGMLV0ZULYSOHGIIPHVS42","3PDAEG1VSK32VN4HI0BEMPZC0YF5U9","Investigating character interactions","Here, we ask you to view images of characters and answer questions about them.","survey, demographics","$0.20","Wed Feb 14 22:27:43 PST 2018",50,"BatchId:3116154;OriginalHitTemplateId:920937340;",3600,259200,"Wed Feb 21 22:27:43 PST 2018",NA,NA,"3HQUKB7LNGSS3N72FD59WBG4D1UHH0","A1IM8G6UNAGQ7S","Submitted","Wed Feb 14 22:34:30 PST 2018","Wed Feb 14 22:49:33 PST 2018","Sat Feb 17 22:49:33 PST 2018",NA,NA,NA,903,"100% (4/4)","0% (0/0)","0% (0/0)",785999,"","X"
"24","367O8HRHKGMLV0ZULYSOHGIIPHVS42","3PDAEG1VSK32VN4HI0BEMPZC0YF5U9","Investigating character interactions","Here, we ask you to view images of characters and answer questions about them.","survey, demographics","$0.20","Wed Feb 14 22:27:43 PST 2018",50,"BatchId:3116154;OriginalHitTemplateId:920937340;",3600,259200,"Wed Feb 21 22:27:43 PST 2018",NA,NA,"3IQ1VMJRYUYKEUH5BV7P28VCHTY9AT","A1Q3WD30UJPP3L","Submitted","Wed Feb 14 22:56:59 PST 2018","Wed Feb 14 23:12:12 PST 2018","Sat Feb 17 23:12:12 PST 2018",NA,NA,NA,913,"0% (0/0)","0% (0/0)","0% (0/0)",785999,"","X"
"25","367O8HRHKGMLV0ZULYSOHGIIPHVS42","3PDAEG1VSK32VN4HI0BEMPZC0YF5U9","Investigating character interactions","Here, we ask you to view images of characters and answer questions about them.","survey, demographics","$0.20","Wed Feb 14 22:27:43 PST 2018",50,"BatchId:3116154;OriginalHitTemplateId:920937340;",3600,259200,"Wed Feb 21 22:27:43 PST 2018",NA,NA,"3JNQLM5FT50QATNANDH01Z395ZN2LC","ANZN7CH92GM4X","Submitted","Wed Feb 14 22:52:12 PST 2018","Wed Feb 14 23:08:54 PST 2018","Sat Feb 17 23:08:54 PST 2018",NA,NA,NA,1002,"100% (4/4)","0% (0/0)","0% (0/0)",785999,"X",""
"26","367O8HRHKGMLV0ZULYSOHGIIPHVS42","3PDAEG1VSK32VN4HI0BEMPZC0YF5U9","Investigating character interactions","Here, we ask you to view images of characters and answer questions about them.","survey, demographics","$0.20","Wed Feb 14 22:27:43 PST 2018",50,"BatchId:3116154;OriginalHitTemplateId:920937340;",3600,259200,"Wed Feb 21 22:27:43 PST 2018",NA,NA,"3KKG4CDWKJC5C51O2UXYP59CPJ094G","A1AC6FP2BAJIOD","Submitted","Wed Feb 14 22:30:36 PST 2018","Wed Feb 14 22:57:12 PST 2018","Sat Feb 17 22:57:12 PST 2018",NA,NA,NA,1596,"0% (0/0)","0% (0/0)","0% (0/0)",785999,"","X"
"27","367O8HRHKGMLV0ZULYSOHGIIPHVS42","3PDAEG1VSK32VN4HI0BEMPZC0YF5U9","Investigating character interactions","Here, we ask you to view images of characters and answer questions about them.","survey, demographics","$0.20","Wed Feb 14 22:27:43 PST 2018",50,"BatchId:3116154;OriginalHitTemplateId:920937340;",3600,259200,"Wed Feb 21 22:27:43 PST 2018",NA,NA,"3KMS4QQVK34ZRHH4Q8K66IKJP3MKFA","A3PT15XRN1X8VE","Submitted","Wed Feb 14 22:46:45 PST 2018","Wed Feb 14 22:48:09 PST 2018","Sat Feb 17 22:48:09 PST 2018",NA,NA,NA,84,"100% (4/4)","100% (3/3)","100% (2/2)",785999,"X",""
"28","367O8HRHKGMLV0ZULYSOHGIIPHVS42","3PDAEG1VSK32VN4HI0BEMPZC0YF5U9","Investigating character interactions","Here, we ask you to view images of characters and answer questions about them.","survey, demographics","$0.20","Wed Feb 14 22:27:43 PST 2018",50,"BatchId:3116154;OriginalHitTemplateId:920937340;",3600,259200,"Wed Feb 21 22:27:43 PST 2018",NA,NA,"3KRVW3HTZOZ3LAMTH4XLSUV23YAMSZ","A2ZB24AEN6N7Y3","Submitted","Wed Feb 14 22:34:04 PST 2018","Wed Feb 14 22:48:29 PST 2018","Sat Feb 17 22:48:29 PST 2018",NA,NA,NA,865,"100% (3/3)","100% (2/2)","100% (2/2)",785999,"","X"
"29","367O8HRHKGMLV0ZULYSOHGIIPHVS42","3PDAEG1VSK32VN4HI0BEMPZC0YF5U9","Investigating character interactions","Here, we ask you to view images of characters and answer questions about them.","survey, demographics","$0.20","Wed Feb 14 22:27:43 PST 2018",50,"BatchId:3116154;OriginalHitTemplateId:920937340;",3600,259200,"Wed Feb 21 22:27:43 PST 2018",NA,NA,"3M68NM076ILPVS1OFZQZDOTKRWCR66","AP26BNVW9C4FQ","Submitted","Wed Feb 14 22:33:21 PST 2018","Wed Feb 14 22:47:49 PST 2018","Sat Feb 17 22:47:49 PST 2018",NA,NA,NA,868,"100% (3/3)","100% (1/1)","100% (1/1)",785999,"","X"
"30","367O8HRHKGMLV0ZULYSOHGIIPHVS42","3PDAEG1VSK32VN4HI0BEMPZC0YF5U9","Investigating character interactions","Here, we ask you to view images of characters and answer questions about them.","survey, demographics","$0.20","Wed Feb 14 22:27:43 PST 2018",50,"BatchId:3116154;OriginalHitTemplateId:920937340;",3600,259200,"Wed Feb 21 22:27:43 PST 2018",NA,NA,"3O6CYIULEEFF5Z8BABY8GTFHMXDWUK","A3FC9TXW4L9ZT5","Submitted","Wed Feb 14 23:35:38 PST 2018","Wed Feb 14 23:57:37 PST 2018","Sat Feb 17 23:57:37 PST 2018",NA,NA,NA,1319,"100% (1/1)","0% (0/0)","0% (0/0)",785999,"X",""
"31","367O8HRHKGMLV0ZULYSOHGIIPHVS42","3PDAEG1VSK32VN4HI0BEMPZC0YF5U9","Investigating character interactions","Here, we ask you to view images of characters and answer questions about them.","survey, demographics","$0.20","Wed Feb 14 22:27:43 PST 2018",50,"BatchId:3116154;OriginalHitTemplateId:920937340;",3600,259200,"Wed Feb 21 22:27:43 PST 2018",NA,NA,"3PEIJLRY6U77M326FG9V00ELGFQXW9","A2VUGFYZSVEUM","Submitted","Wed Feb 14 22:41:30 PST 2018","Wed Feb 14 22:53:10 PST 2018","Sat Feb 17 22:53:10 PST 2018",NA,NA,NA,700,"100% (2/2)","0% (0/0)","0% (0/0)",785999,"","X"
"32","367O8HRHKGMLV0ZULYSOHGIIPHVS42","3PDAEG1VSK32VN4HI0BEMPZC0YF5U9","Investigating character interactions","Here, we ask you to view images of characters and answer questions about them.","survey, demographics","$0.20","Wed Feb 14 22:27:43 PST 2018",50,"BatchId:3116154;OriginalHitTemplateId:920937340;",3600,259200,"Wed Feb 21 22:27:43 PST 2018",NA,NA,"3QAPZX2QN5RDDXYOYKVH3FBL21B020","A13VEEU1DPKKOU","Submitted","Wed Feb 14 22:40:10 PST 2018","Wed Feb 14 22:56:19 PST 2018","Sat Feb 17 22:56:19 PST 2018",NA,NA,NA,969,"100% (2/2)","100% (2/2)","100% (2/2)",785999,"X",""
"33","367O8HRHKGMLV0ZULYSOHGIIPHVS42","3PDAEG1VSK32VN4HI0BEMPZC0YF5U9","Investigating character interactions","Here, we ask you to view images of characters and answer questions about them.","survey, demographics","$0.20","Wed Feb 14 22:27:43 PST 2018",50,"BatchId:3116154;OriginalHitTemplateId:920937340;",3600,259200,"Wed Feb 21 22:27:43 PST 2018",NA,NA,"3QAVNHZ3ENIFFWIE0SAF7HM7HNDALP","A3GI86L18Z71XY","Submitted","Wed Feb 14 22:28:08 PST 2018","Wed Feb 14 22:52:47 PST 2018","Sat Feb 17 22:52:47 PST 2018",NA,NA,NA,1479,"0% (0/0)","0% (0/0)","0% (0/0)",785999,"X",""
"34","367O8HRHKGMLV0ZULYSOHGIIPHVS42","3PDAEG1VSK32VN4HI0BEMPZC0YF5U9","Investigating character interactions","Here, we ask you to view images of characters and answer questions about them.","survey, demographics","$0.20","Wed Feb 14 22:27:43 PST 2018",50,"BatchId:3116154;OriginalHitTemplateId:920937340;",3600,259200,"Wed Feb 21 22:27:43 PST 2018",NA,NA,"3QJOXOW4XK52BRHBG9DG3DRN272EMR","A1Y2N49VMVJ7C6","Submitted","Wed Feb 14 22:45:10 PST 2018","Wed Feb 14 22:56:50 PST 2018","Sat Feb 17 22:56:50 PST 2018",NA,NA,NA,700,"0% (0/0)","0% (0/0)","0% (0/0)",785999,"X",""
"35","367O8HRHKGMLV0ZULYSOHGIIPHVS42","3PDAEG1VSK32VN4HI0BEMPZC0YF5U9","Investigating character interactions","Here, we ask you to view images of characters and answer questions about them.","survey, demographics","$0.20","Wed Feb 14 22:27:43 PST 2018",50,"BatchId:3116154;OriginalHitTemplateId:920937340;",3600,259200,"Wed Feb 21 22:27:43 PST 2018",NA,NA,"3QXNC7EIPJ9ODHJNJTAWD2JZ87L09S","A3J08ETUZNPUF3","Submitted","Wed Feb 14 22:40:32 PST 2018","Wed Feb 14 22:58:03 PST 2018","Sat Feb 17 22:58:03 PST 2018",NA,NA,NA,1051,"100% (2/2)","100% (2/2)","100% (2/2)",785999,"X",""
"36","367O8HRHKGMLV0ZULYSOHGIIPHVS42","3PDAEG1VSK32VN4HI0BEMPZC0YF5U9","Investigating character interactions","Here, we ask you to view images of characters and answer questions about them.","survey, demographics","$0.20","Wed Feb 14 22:27:43 PST 2018",50,"BatchId:3116154;OriginalHitTemplateId:920937340;",3600,259200,"Wed Feb 21 22:27:43 PST 2018",NA,NA,"3R08VXYT7D9D7OWFX35X611XEMCW7E","A3HVIHP066ACJQ","Submitted","Wed Feb 14 22:46:43 PST 2018","Wed Feb 14 23:41:24 PST 2018","Sat Feb 17 23:41:24 PST 2018",NA,NA,NA,3281,"100% (2/2)","100% (2/2)","100% (1/1)",785999,"","X"
"37","367O8HRHKGMLV0ZULYSOHGIIPHVS42","3PDAEG1VSK32VN4HI0BEMPZC0YF5U9","Investigating character interactions","Here, we ask you to view images of characters and answer questions about them.","survey, demographics","$0.20","Wed Feb 14 22:27:43 PST 2018",50,"BatchId:3116154;OriginalHitTemplateId:920937340;",3600,259200,"Wed Feb 21 22:27:43 PST 2018",NA,NA,"3R2UR8A0IBUZHUT4OUILJ61ZDDRXOX","AJEIX4HPLQM0H","Submitted","Wed Feb 14 22:40:33 PST 2018","Wed Feb 14 22:55:25 PST 2018","Sat Feb 17 22:55:25 PST 2018",NA,NA,NA,892,"100% (2/2)","100% (2/2)","100% (2/2)",785999,"","X"
"38","367O8HRHKGMLV0ZULYSOHGIIPHVS42","3PDAEG1VSK32VN4HI0BEMPZC0YF5U9","Investigating character interactions","Here, we ask you to view images of characters and answer questions about them.","survey, demographics","$0.20","Wed Feb 14 22:27:43 PST 2018",50,"BatchId:3116154;OriginalHitTemplateId:920937340;",3600,259200,"Wed Feb 21 22:27:43 PST 2018",NA,NA,"3RRCEFRB7NQO0YGL0EBUGB42DJ4B4T","A2FVHVDTBC1BVB","Submitted","Wed Feb 14 22:42:03 PST 2018","Wed Feb 14 22:58:33 PST 2018","Sat Feb 17 22:58:33 PST 2018",NA,NA,NA,990,"100% (1/1)","100% (1/1)","100% (1/1)",785999,"X",""
"39","367O8HRHKGMLV0ZULYSOHGIIPHVS42","3PDAEG1VSK32VN4HI0BEMPZC0YF5U9","Investigating character interactions","Here, we ask you to view images of characters and answer questions about them.","survey, demographics","$0.20","Wed Feb 14 22:27:43 PST 2018",50,"BatchId:3116154;OriginalHitTemplateId:920937340;",3600,259200,"Wed Feb 21 22:27:43 PST 2018",NA,NA,"3RXPCZQMQQP3ZGRDTIK6JOOWHCMG12","A26KS0EB5XV4N9","Submitted","Wed Feb 14 22:40:52 PST 2018","Wed Feb 14 23:01:52 PST 2018","Sat Feb 17 23:01:52 PST 2018",NA,NA,NA,1260,"100% (2/2)","100% (2/2)","100% (2/2)",785999,"","X"
"40","367O8HRHKGMLV0ZULYSOHGIIPHVS42","3PDAEG1VSK32VN4HI0BEMPZC0YF5U9","Investigating character interactions","Here, we ask you to view images of characters and answer questions about them.","survey, demographics","$0.20","Wed Feb 14 22:27:43 PST 2018",50,"BatchId:3116154;OriginalHitTemplateId:920937340;",3600,259200,"Wed Feb 21 22:27:43 PST 2018",NA,NA,"3TXMY6UCAF2EZ8VPCBE2UYBPRWLCQI","A3MI4W2P50DBKS","Submitted","Wed Feb 14 22:28:19 PST 2018","Wed Feb 14 22:49:49 PST 2018","Sat Feb 17 22:49:49 PST 2018",NA,NA,NA,1290,"0% (0/0)","0% (0/0)","0% (0/0)",785999,"","X"
"41","367O8HRHKGMLV0ZULYSOHGIIPHVS42","3PDAEG1VSK32VN4HI0BEMPZC0YF5U9","Investigating character interactions","Here, we ask you to view images of characters and answer questions about them.","survey, demographics","$0.20","Wed Feb 14 22:27:43 PST 2018",50,"BatchId:3116154;OriginalHitTemplateId:920937340;",3600,259200,"Wed Feb 21 22:27:43 PST 2018",NA,NA,"3UJ1CZ6IZI35D31NP5GZBSKGH3KS5F","A1GKUAKO01ONT7","Submitted","Wed Feb 14 22:37:22 PST 2018","Wed Feb 14 22:45:33 PST 2018","Sat Feb 17 22:45:33 PST 2018",NA,NA,NA,491,"100% (2/2)","100% (2/2)","100% (2/2)",785999,"X",""
"42","367O8HRHKGMLV0ZULYSOHGIIPHVS42","3PDAEG1VSK32VN4HI0BEMPZC0YF5U9","Investigating character interactions","Here, we ask you to view images of characters and answer questions about them.","survey, demographics","$0.20","Wed Feb 14 22:27:43 PST 2018",50,"BatchId:3116154;OriginalHitTemplateId:920937340;",3600,259200,"Wed Feb 21 22:27:43 PST 2018",NA,NA,"3UJ1CZ6IZI35D31NP5GZBSKGH3L5ST","A32Y9JC775LYLV","Submitted","Wed Feb 14 22:41:55 PST 2018","Wed Feb 14 22:58:10 PST 2018","Sat Feb 17 22:58:10 PST 2018",NA,NA,NA,975,"100% (4/4)","100% (1/1)","0% (0/0)",785999,"X",""
"43","367O8HRHKGMLV0ZULYSOHGIIPHVS42","3PDAEG1VSK32VN4HI0BEMPZC0YF5U9","Investigating character interactions","Here, we ask you to view images of characters and answer questions about them.","survey, demographics","$0.20","Wed Feb 14 22:27:43 PST 2018",50,"BatchId:3116154;OriginalHitTemplateId:920937340;",3600,259200,"Wed Feb 21 22:27:43 PST 2018",NA,NA,"3UWN2HHPUZJ93S7TT5CL59K28OKNS0","A3GSIZ2GX4L1Z3","Submitted","Wed Feb 14 22:31:05 PST 2018","Wed Feb 14 22:49:22 PST 2018","Sat Feb 17 22:49:22 PST 2018",NA,NA,NA,1097,"0% (0/0)","0% (0/0)","0% (0/0)",785999,"X",""
"44","367O8HRHKGMLV0ZULYSOHGIIPHVS42","3PDAEG1VSK32VN4HI0BEMPZC0YF5U9","Investigating character interactions","Here, we ask you to view images of characters and answer questions about them.","survey, demographics","$0.20","Wed Feb 14 22:27:43 PST 2018",50,"BatchId:3116154;OriginalHitTemplateId:920937340;",3600,259200,"Wed Feb 21 22:27:43 PST 2018",NA,NA,"3VNL7UK1XGXYU07RKHYY797F8GCTFO","A3SN5PG0UZGYKA","Submitted","Wed Feb 14 22:32:59 PST 2018","Wed Feb 14 23:07:04 PST 2018","Sat Feb 17 23:07:04 PST 2018",NA,NA,NA,2045,"0% (0/0)","0% (0/0)","0% (0/0)",785999,"X",""
"45","367O8HRHKGMLV0ZULYSOHGIIPHVS42","3PDAEG1VSK32VN4HI0BEMPZC0YF5U9","Investigating character interactions","Here, we ask you to view images of characters and answer questions about them.","survey, demographics","$0.20","Wed Feb 14 22:27:43 PST 2018",50,"BatchId:3116154;OriginalHitTemplateId:920937340;",3600,259200,"Wed Feb 21 22:27:43 PST 2018",NA,NA,"3VSOLARPKCNKU9IK2GSFF0H6BJ639R","ALAOEYIYW0CW7","Submitted","Wed Feb 14 22:54:19 PST 2018","Wed Feb 14 23:22:23 PST 2018","Sat Feb 17 23:22:23 PST 2018",NA,NA,NA,1684,"0% (0/0)","0% (0/0)","0% (0/0)",785999,"X",""
"46","367O8HRHKGMLV0ZULYSOHGIIPHVS42","3PDAEG1VSK32VN4HI0BEMPZC0YF5U9","Investigating character interactions","Here, we ask you to view images of characters and answer questions about them.","survey, demographics","$0.20","Wed Feb 14 22:27:43 PST 2018",50,"BatchId:3116154;OriginalHitTemplateId:920937340;",3600,259200,"Wed Feb 21 22:27:43 PST 2018",NA,NA,"3W2LOLRXLCTWU7MDH3K0N7Y2SRWKR4","AK3DF1BXS8DSM","Submitted","Wed Feb 14 22:41:23 PST 2018","Wed Feb 14 23:03:30 PST 2018","Sat Feb 17 23:03:30 PST 2018",NA,NA,NA,1327,"100% (2/2)","0% (0/0)","0% (0/0)",785999,"X",""
"47","367O8HRHKGMLV0ZULYSOHGIIPHVS42","3PDAEG1VSK32VN4HI0BEMPZC0YF5U9","Investigating character interactions","Here, we ask you to view images of characters and answer questions about them.","survey, demographics","$0.20","Wed Feb 14 22:27:43 PST 2018",50,"BatchId:3116154;OriginalHitTemplateId:920937340;",3600,259200,"Wed Feb 21 22:27:43 PST 2018",NA,NA,"3WQ3B2KGE9U78ZJ2DWSSIDXZ1ZU1B6","A2GTY8GLAYN9BU","Submitted","Wed Feb 14 22:35:28 PST 2018","Wed Feb 14 22:48:33 PST 2018","Sat Feb 17 22:48:33 PST 2018",NA,NA,NA,785,"67% (2/3)","100% (2/2)","100% (2/2)",785999,"X",""
"48","367O8HRHKGMLV0ZULYSOHGIIPHVS42","3PDAEG1VSK32VN4HI0BEMPZC0YF5U9","Investigating character interactions","Here, we ask you to view images of characters and answer questions about them.","survey, demographics","$0.20","Wed Feb 14 22:27:43 PST 2018",50,"BatchId:3116154;OriginalHitTemplateId:920937340;",3600,259200,"Wed Feb 21 22:27:43 PST 2018",NA,NA,"3WYGZ5XF3XT8VMMQWSK5DH3YETJSK4","A3LUBKV41WYBK3","Submitted","Wed Feb 14 23:31:33 PST 2018","Wed Feb 14 23:50:10 PST 2018","Sat Feb 17 23:50:10 PST 2018",NA,NA,NA,1117,"100% (2/2)","100% (2/2)","0% (0/0)",785999,"","X"
"49","367O8HRHKGMLV0ZULYSOHGIIPHVS42","3PDAEG1VSK32VN4HI0BEMPZC0YF5U9","Investigating character interactions","Here, we ask you to view images of characters and answer questions about them.","survey, demographics","$0.20","Wed Feb 14 22:27:43 PST 2018",50,"BatchId:3116154;OriginalHitTemplateId:920937340;",3600,259200,"Wed Feb 21 22:27:43 PST 2018",NA,NA,"3X31TUMD7Y0JL85E49HMWGT4DT91LU","A20SMUCY0FQA7Z","Submitted","Wed Feb 14 22:47:54 PST 2018","Wed Feb 14 23:35:48 PST 2018","Sat Feb 17 23:35:48 PST 2018",NA,NA,NA,2874,"75% (3/4)","0% (0/0)","0% (0/0)",785999,"X",""
"50","367O8HRHKGMLV0ZULYSOHGIIPHVS42","3PDAEG1VSK32VN4HI0BEMPZC0YF5U9","Investigating character interactions","Here, we ask you to view images of characters and answer questions about them.","survey, demographics","$0.20","Wed Feb 14 22:27:43 PST 2018",50,"BatchId:3116154;OriginalHitTemplateId:920937340;",3600,259200,"Wed Feb 21 22:27:43 PST 2018",NA,NA,"3X65QVEQI1138BFCK666DCCVHQZLC3","A1YPX4OBE2YR2V","Submitted","Wed Feb 14 22:45:07 PST 2018","Wed Feb 14 22:57:05 PST 2018","Sat Feb 17 22:57:05 PST 2018",NA,NA,NA,718,"0% (0/0)","0% (0/0)","0% (0/0)",785999,"","X"
